group,scene,image,question_index,metric_class,category,question,expected,v18_answer,v18_score,rgb_answer,rgb_score,delta_judgelm,source_file
v18_much_lower,trevi_fountain,00234320_6263685886,12,judgelm,component_presence,What visible component matches this description: the central mythological male figure?,Oceanus,The central mythological male figure is a statue.,1.0,"The central mythological male figure is the one standing upright in the middle of the façade, holding what appears to be a spear or staff. He is surrounded by other sculptural elements and is part of a larger group of figures that are integral to the design of the building's central archway. This figure is likely to represent a deity or a significant historical or mythological character, given the grandeur and prominence of his position within the architectural composition.",10.0,-9.0,/home/wangyz/project/0working/LangSplatV2/experiment_results/benchmark/v18_pipeline_ablation/results/v18_tokpipe_best2d_best3d_m2tokcat_m3tokcat_mmtokscale_odirect_T576_R5_C1/outputs/trevi_fountain/00234320_6263685886_qa_results.json
v18_much_lower,trevi_fountain,01981403_3710523135,16,judgelm,component_presence,What visible component matches this description: the central mythological male figure?,Oceanus,The central mythological male figure is a statue.,1.0,"The central mythological male figure is the one in the middle of the group of statues, who appears to be the focal point of the scene. He is standing upright and is holding what seems to be a spear or staff. This figure is part of the larger group of statues that are situated on the façade of the building, which is part of the Trevi Fountain in Rome, Italy.",10.0,-9.0,/home/wangyz/project/0working/LangSplatV2/experiment_results/benchmark/v18_pipeline_ablation/results/v18_tokpipe_best2d_best3d_m2tokcat_m3tokcat_mmtokscale_odirect_T576_R5_C1/outputs/trevi_fountain/01981403_3710523135_qa_results.json
v18_much_lower,trevi_fountain,02904481_13883419663,17,judgelm,component_presence,What visible component matches this description: the central mythological male figure?,Oceanus,The central mythological male figure is a statue.,1.0,"The central mythological male figure is the one standing upright with a beard, located on the right side of the façade. He is holding what appears to be a scroll or a book in his left hand and has a muscular build. This figure is part of the sculptural group that adorns the central part of the building, above the cascading water.",10.0,-9.0,/home/wangyz/project/0working/LangSplatV2/experiment_results/benchmark/v18_pipeline_ablation/results/v18_tokpipe_best2d_best3d_m2tokcat_m3tokcat_mmtokscale_odirect_T576_R5_C1/outputs/trevi_fountain/02904481_13883419663_qa_results.json
v18_much_lower,trevi_fountain,05593084_9128313439,16,judgelm,component_presence,What visible component matches this description: the central mythological male figure?,Oceanus,The central mythological male figure is a statue.,1.0,"The central figure is a male statue, likely representing a god or mythological character, who is standing with one foot on a rock and the other raised, holding what appears to be a cloth or garment in his left hand. He has a beard and is wearing a draped garment that falls over one shoulder, leaving the other bare. The statue is positioned above a fountain, with water flowing from its base. This figure is part of a larger group of statues that are part of the Trevi Fountain in Rome, Italy.",10.0,-9.0,/home/wangyz/project/0working/LangSplatV2/experiment_results/benchmark/v18_pipeline_ablation/results/v18_tokpipe_best2d_best3d_m2tokcat_m3tokcat_mmtokscale_odirect_T576_R5_C1/outputs/trevi_fountain/05593084_9128313439_qa_results.json
v18_much_lower,brandenburg_gate,01546257_302490568,1,judgelm,spatial_view_visibility,What sculpture group is centered at the top of this image?,The Quadriga.,The sculpture group centered at the top of this image is the Brandenburg Gate.,1.0,"The sculpture group centered at the top of the image is the Quadriga, which is a chariot drawn by four horses abreast. It is a famous landmark located on the Brandenburg Gate in Berlin, Germany. The Quadriga is topped with a figure of Victoria, the Roman goddess of victory, holding a laurel wreath and a spear with a circular emblem at its tip.",9.0,-8.0,/home/wangyz/project/0working/LangSplatV2/experiment_results/benchmark/v18_pipeline_ablation/results/v18_tokpipe_best2d_best3d_m2tokcat_m3tokcat_mmtokscale_odirect_T576_R5_C1/outputs/brandenburg_gate/01546257_302490568_qa_results.json
v18_much_lower,pantheon_exterior,99656965_3139976954,11,judgelm,style_history_knowledge,What does the Latin inscription above the columns of the landmark in the image mean?,"It states that Marcus Agrippa, son of Lucius, built it when he was consul for the third time.","The Latin inscription above the columns of the landmark in the image reads ""MVMVMVMVMVMVMVMVMVMVMVMVMVMVMVMVMVMVMVMVMVMVMVMVMVMVMVMVMVMVMVMVMVMVMVMVMVMVMVMVMVMVMVMVMVMVMVMVMVMVMVMVMVMVMVMVMVMVMVMVMVMVMVMVMVMVMVMVMVMVMVMVMVMVMVMVMVMVMVMVMVMVMVMVMVMVMVMVMVMVMVMVMVMVMVMVMVMVMVMVMVMVMVMVMVMVMVMVMVMVMVMVMVM",1.0,"The Latin inscription above the columns of the landmark reads ""MAGRIPPA L. F. COS. TERTIVM IMP. FECIT,"" which translates to ""Magrippa, son of Lucius, made this third time by the third consul."" This indicates that the structure was commissioned or built by a person named Magrippa, who was the son of Lucius and held the title of consul for the third time. The term ""imperium"" suggests that he may have been an emperor or held a high-ranking position in the Roman Empire at the time.",8.0,-7.0,/home/wangyz/project/0working/LangSplatV2/experiment_results/benchmark/v18_pipeline_ablation/results/v18_tokpipe_best2d_best3d_m2tokcat_m3tokcat_mmtokscale_odirect_T576_R5_C1/outputs/pantheon_exterior/99656965_3139976954_qa_results.json
v18_much_lower,taj_mahal,87289442_10703910236,12,judgelm,component_presence,What visible component matches this description: large pointed arch openings?,arch-shaped doorways,The main dome of the Taj Mahal.,1.0,The large pointed arch openings are the domes on the main building.,8.0,-7.0,/home/wangyz/project/0working/LangSplatV2/experiment_results/benchmark/v18_pipeline_ablation/results/v18_tokpipe_best2d_best3d_m2tokcat_m3tokcat_mmtokscale_odirect_T576_R5_C1/outputs/taj_mahal/87289442_10703910236_qa_results.json
v18_much_lower,trevi_fountain,05849192_9369715670,16,judgelm,component_presence,What visible component matches this description: the central mythological male figure?,Oceanus,The central mythological male figure is a statue.,1.0,The central mythological male figure is the statue of Oceanus.,8.0,-7.0,/home/wangyz/project/0working/LangSplatV2/experiment_results/benchmark/v18_pipeline_ablation/results/v18_tokpipe_best2d_best3d_m2tokcat_m3tokcat_mmtokscale_odirect_T576_R5_C1/outputs/trevi_fountain/05849192_9369715670_qa_results.json
v18_much_lower,brandenburg_gate,43959267_2997124172,13,judgelm,spatial_view_visibility,Which direction are the horses facing in the image?,Toward the front-right direction in the image.,The horses are facing left.,2.0,"The horses in the image are facing forward, with their heads turned slightly to the left. This is evident from the position of their ears and the direction of their manes, which flow towards the left side of the image.",8.0,-6.0,/home/wangyz/project/0working/LangSplatV2/experiment_results/benchmark/v18_pipeline_ablation/results/v18_tokpipe_best2d_best3d_m2tokcat_m3tokcat_mmtokscale_odirect_T576_R5_C1/outputs/brandenburg_gate/43959267_2997124172_qa_results.json
v18_much_lower,pantheon_exterior,98604604_7278562268,11,judgelm,style_history_knowledge,What does the Latin inscription above the columns of the landmark in the image mean?,"It states that Marcus Agrippa, son of Lucius, built it when he was consul for the third time.","The Latin inscription above the columns of the landmark in the image reads ""MAGISTERIUM VIVENS,"" which translates to ""Living Masterpiece"" in English. This phrase is often used to describe a work of art or architecture that is considered timeless and of enduring value.",2.0,"The Latin inscription above the columns of the landmark reads ""MAGRIFFAL L.F. COSTERTIVM FECIT,"" which translates to ""Magrippa, son of Lucius, made this."" This indicates that the structure was built or sponsored by a person named Magrippa, who was likely a son of someone named Lucius. The term ""FECIT"" is a common Latin verb meaning ""made"" or ""built,"" suggesting that Magrippa was responsible for the construction or dedication of the building.",8.0,-6.0,/home/wangyz/project/0working/LangSplatV2/experiment_results/benchmark/v18_pipeline_ablation/results/v18_tokpipe_best2d_best3d_m2tokcat_m3tokcat_mmtokscale_odirect_T576_R5_C1/outputs/pantheon_exterior/98604604_7278562268_qa_results.json
v18_much_lower,taj_mahal,82684032_8832070118,14,judgelm,component_presence,What visible component matches this description: large pointed arch openings?,arch-shaped doorways,The main entrance of the Taj Mahal.,1.0,The component that matches this description is the Main Gate.,7.0,-6.0,/home/wangyz/project/0working/LangSplatV2/experiment_results/benchmark/v18_pipeline_ablation/results/v18_tokpipe_best2d_best3d_m2tokcat_m3tokcat_mmtokscale_odirect_T576_R5_C1/outputs/taj_mahal/82684032_8832070118_qa_results.json
v18_much_lower,taj_mahal,92685594_617024629,14,judgelm,component_presence,What visible component matches this description: large pointed arch openings?,arch-shaped doorways,The main building of the Taj Mahal.,1.0,arch,7.0,-6.0,/home/wangyz/project/0working/LangSplatV2/experiment_results/benchmark/v18_pipeline_ablation/results/v18_tokpipe_best2d_best3d_m2tokcat_m3tokcat_mmtokscale_odirect_T576_R5_C1/outputs/taj_mahal/92685594_617024629_qa_results.json
v18_much_lower,buckingham_palace,83860409_8232375477,11,judgelm,open_description_general,Which memorial is commonly seen in front of the landmark shown in the image?,The Queen Victoria Memorial.,The memorial commonly seen in front of the landmark is Nelson's Column.,5.0,The memorial commonly seen in front of the landmark shown in the image is the Victoria Memorial.,10.0,-5.0,/home/wangyz/project/0working/LangSplatV2/experiment_results/benchmark/v18_pipeline_ablation/results/v18_tokpipe_best2d_best3d_m2tokcat_m3tokcat_mmtokscale_odirect_T576_R5_C1/outputs/buckingham_palace/83860409_8232375477_qa_results.json
v18_much_lower,brandenburg_gate,04729261_2862939197,9,judgelm,identity_location,What was the landmark in the image original main function?,The Brandenburg Gate originally served as a ceremonial city gate and entrance to Berlin,The landmark in the image was a monument.,5.0,"The Brandenburg Gate was originally a triumphal arch, intended to celebrate the victory of King Frederick William I of Prussia over the French in 1760. It was designed by architect Georg Wenzeslaus von Knobelsdorff and sculpted by Johann Gottfried Schadow. The gate was part of the city wall that surrounded Berlin and was meant to commemorate the Prussian victory and the unity of the German states under Prussian leadership. Over time, it became a symbol of Berlin and Germany, and after World War II, it was used as a border crossing between East and West Berlin. Today, it is one of Berlin's most famous landmarks and a UNESCO World Heritage Site.",9.0,-4.0,/home/wangyz/project/0working/LangSplatV2/experiment_results/benchmark/v18_pipeline_ablation/results/v18_tokpipe_best2d_best3d_m2tokcat_m3tokcat_mmtokscale_odirect_T576_R5_C1/outputs/brandenburg_gate/04729261_2862939197_qa_results.json
v18_much_lower,brandenburg_gate,04729261_2862939197,21,judgelm,style_history_knowledge,Which ancient gateway is often cited as the design inspiration for the landmark shown in the image?,The Propylaea of the Acropolis in Athens.,The Brandenburg Gate is often cited as the design inspiration for the landmark shown in the image.,1.0,"The Brandenburg Gate is often cited as the design inspiration for the landmark shown in the image. It was originally built in 1799 to commemorate the Prussian victory over Napoleon and was a symbol of Berlin's status as the capital of the Kingdom of Prussia. The gate has been rebuilt several times, with its current structure dating back to 1876.",5.0,-4.0,/home/wangyz/project/0working/LangSplatV2/experiment_results/benchmark/v18_pipeline_ablation/results/v18_tokpipe_best2d_best3d_m2tokcat_m3tokcat_mmtokscale_odirect_T576_R5_C1/outputs/brandenburg_gate/04729261_2862939197_qa_results.json
v18_much_lower,brandenburg_gate,24966547_5720548954,8,judgelm,style_history_knowledge,Which ancient gateway is often cited as the design inspiration for the landmark shown in the image?,The Propylaea of the Acropolis in Athens.,The Brandenburg Gate is often cited as the design inspiration for the landmark shown in the image.,1.0,"The Brandenburg Gate is often cited as the design inspiration for the landmark shown in the image. It was originally inspired by the Arc de Triomphe in Paris, France, and its neoclassical design features columns and a central archway, similar to what is seen in the image.",5.0,-4.0,/home/wangyz/project/0working/LangSplatV2/experiment_results/benchmark/v18_pipeline_ablation/results/v18_tokpipe_best2d_best3d_m2tokcat_m3tokcat_mmtokscale_odirect_T576_R5_C1/outputs/brandenburg_gate/24966547_5720548954_qa_results.json
v18_much_lower,brandenburg_gate,74972815_6880126377,7,judgelm,style_history_knowledge,Which ancient gateway is often cited as the design inspiration for the landmark shown in the image?,The Propylaea of the Acropolis in Athens.,The Brandenburg Gate is often cited as the design inspiration for the landmark shown in the image.,1.0,"The Brandenburg Gate is often cited as the design inspiration for the landmark shown in the image. It was originally built in 1799 to commemorate the Prussian victory over Napoleon and was modeled after the ancient Roman triumphal arches, such as the Arch of Titus in Rome.",5.0,-4.0,/home/wangyz/project/0working/LangSplatV2/experiment_results/benchmark/v18_pipeline_ablation/results/v18_tokpipe_best2d_best3d_m2tokcat_m3tokcat_mmtokscale_odirect_T576_R5_C1/outputs/brandenburg_gate/74972815_6880126377_qa_results.json
v18_much_lower,brandenburg_gate,99933312_2768771111,22,judgelm,style_history_knowledge,Which ancient gateway is often cited as the design inspiration for the landmark shown in the image?,The Propylaea of the Acropolis in Athens.,The Brandenburg Gate is often cited as the design inspiration for the landmark shown in the image.,1.0,"The Brandenburg Gate in Berlin is often cited as the design inspiration for the landmark shown in the image. This is because both structures share a neoclassical style, with a central archway flanked by columns and topped with sculptures. The Brandenburg Gate was originally built in 1763 and has been a symbol of Berlin ever since, with its design influencing many other monumental gateways around the world.",5.0,-4.0,/home/wangyz/project/0working/LangSplatV2/experiment_results/benchmark/v18_pipeline_ablation/results/v18_tokpipe_best2d_best3d_m2tokcat_m3tokcat_mmtokscale_odirect_T576_R5_C1/outputs/brandenburg_gate/99933312_2768771111_qa_results.json
rgb_much_lower,taj_mahal,87627077_12224030726,7,judgelm,identity_location,What type of landmark scene is visible in this image?,a mausoleum,"The image depicts a grand architectural landmark, likely a mausoleum or monument.",9.0,"The image depicts a famous historical monument, which is the Taj Mahal, located in Agra, India. It is an iconic example of Mughal architecture and is known for its large, white marble dome and four minarets at the corners. The scene captures the grandeur of the monument with visitors gathered around, indicating its status as a significant tourist attraction.",1.0,8.0,/home/wangyz/project/0working/LangSplatV2/experiment_results/benchmark/v18_pipeline_ablation/results/v18_tokpipe_best2d_best3d_m2tokcat_m3tokcat_mmtokscale_odirect_T576_R5_C1/outputs/taj_mahal/87627077_12224030726_qa_results.json
rgb_much_lower,taj_mahal,90529328_7010569621,7,judgelm,identity_location,What type of landmark scene is visible in this image?,a mausoleum,"The image depicts a grand architectural landmark, likely a mosque or a temple.",8.0,"The image depicts a famous historical monument, which is the Taj Mahal, located in Agra, India. It is an iconic example of Mughal architecture and is recognized as a UNESCO World Heritage Site. The scene captures the main building with its large central dome and four minarets at the corners, set against a hazy sky, with visitors visible at the base, indicating it's a popular tourist destination.",1.0,7.0,/home/wangyz/project/0working/LangSplatV2/experiment_results/benchmark/v18_pipeline_ablation/results/v18_tokpipe_best2d_best3d_m2tokcat_m3tokcat_mmtokscale_odirect_T576_R5_C1/outputs/taj_mahal/90529328_7010569621_qa_results.json
rgb_much_lower,taj_mahal,98558191_5043992077,8,judgelm,identity_location,What type of landmark scene is visible in this image?,a mausoleum,"The image shows a grand architectural landmark, likely a mosque or a mausoleum.",8.0,"The image depicts a famous historical monument, which is the Taj Mahal. It is an iconic white marble mausoleum located in Agra, India. The Taj Mahal is known for its stunning architecture, intricate carvings, and beautiful gardens. It was built by Mughal Emperor Shah Jahan in memory of his wife Mumtaz Mahal. The structure features a large central dome flanked by four minarets at the corners, with smaller domes on the corners of the main building. The image captures the grandeur and serene beauty of this UNESCO World Heritage Site.",1.0,7.0,/home/wangyz/project/0working/LangSplatV2/experiment_results/benchmark/v18_pipeline_ablation/results/v18_tokpipe_best2d_best3d_m2tokcat_m3tokcat_mmtokscale_odirect_T576_R5_C1/outputs/taj_mahal/98558191_5043992077_qa_results.json
rgb_much_lower,taj_mahal,98558191_5043992077,15,judgelm,component_presence,What visible component matches this description: large pointed arch openings?,arch-shaped doorways,The large pointed arch openings are visible.,8.0,mausoleum,1.0,7.0,/home/wangyz/project/0working/LangSplatV2/experiment_results/benchmark/v18_pipeline_ablation/results/v18_tokpipe_best2d_best3d_m2tokcat_m3tokcat_mmtokscale_odirect_T576_R5_C1/outputs/taj_mahal/98558191_5043992077_qa_results.json
rgb_much_lower,taj_mahal,98819558_7327013692,8,judgelm,identity_location,What type of landmark scene is visible in this image?,a mausoleum,"The image shows a grand architectural landmark, likely a mosque or a mausoleum.",8.0,"The image depicts a famous historical monument, which is the Taj Mahal. It is located in Agra, India, and is known for its stunning white marble architecture, large central dome, and intricate carvings. The scene captures the grandeur of the monument against a clear blue sky, with visitors visible at the base, indicating it's a popular tourist attraction.",1.0,7.0,/home/wangyz/project/0working/LangSplatV2/experiment_results/benchmark/v18_pipeline_ablation/results/v18_tokpipe_best2d_best3d_m2tokcat_m3tokcat_mmtokscale_odirect_T576_R5_C1/outputs/taj_mahal/98819558_7327013692_qa_results.json
rgb_much_lower,taj_mahal,64926764_7571842484,13,judgelm,component_presence,What visible component matches this description: large pointed arch openings?,arch-shaped doorways,The main building has large pointed arch openings.,8.0,The component that matches this description is the main entrance of the Taj Mahal.,2.0,6.0,/home/wangyz/project/0working/LangSplatV2/experiment_results/benchmark/v18_pipeline_ablation/results/v18_tokpipe_best2d_best3d_m2tokcat_m3tokcat_mmtokscale_odirect_T576_R5_C1/outputs/taj_mahal/64926764_7571842484_qa_results.json
rgb_much_lower,sacre_coeur,05309256_5316639921,8,judgelm,part_attribute_semantics,What is the name of the bronze sculpture in the image?,King Saint Louis IX,"The name of the bronze sculpture is ""Equestrian Statue"".",5.0,The bronze sculpture in the image is Napoleon I on horseback.,1.0,4.0,/home/wangyz/project/0working/LangSplatV2/experiment_results/benchmark/v18_pipeline_ablation/results/v18_tokpipe_best2d_best3d_m2tokcat_m3tokcat_mmtokscale_odirect_T576_R5_C1/outputs/sacre_coeur/05309256_5316639921_qa_results.json
rgb_much_lower,sacre_coeur,10169127_5408342646,1,judgelm,identity_location,What famous landmark or landmark scene is shown in this image?,Sacré-Cœur Basilica.,"The image shows the famous landmark, Sacré Coeur.",9.0,"The image shows the Arc de Triomphe with its famous horse-mounted statues, known as the ""Tomb of the Unknown Soldier"" or ""Tombe des Morts."" These statues are part of the monument's design and represent the soldiers who have fallen in battle. The perspective is from a low angle looking up towards the monument, emphasizing its grandeur and historical significance.",5.0,4.0,/home/wangyz/project/0working/LangSplatV2/experiment_results/benchmark/v18_pipeline_ablation/results/v18_tokpipe_best2d_best3d_m2tokcat_m3tokcat_mmtokscale_odirect_T576_R5_C1/outputs/sacre_coeur/10169127_5408342646_qa_results.json
rgb_much_lower,brandenburg_gate,01546257_302490568,12,judgelm,spatial_view_visibility,What architectural feature dominates this image?,The Quadriga and the upper entablature dominate this image.,The Brandenburg Gate dominates the image.,5.0,The Brandenburg Gate,2.0,3.0,/home/wangyz/project/0working/LangSplatV2/experiment_results/benchmark/v18_pipeline_ablation/results/v18_tokpipe_best2d_best3d_m2tokcat_m3tokcat_mmtokscale_odirect_T576_R5_C1/outputs/brandenburg_gate/01546257_302490568_qa_results.json
rgb_much_lower,brandenburg_gate,24966547_5720548954,15,judgelm,part_attribute_semantics,Describe the overall facade layout in one sentence.,"The facade is symmetrical, with a colonnaded front, five passage openings, and a broad entablature supporting the Quadriga.","The facade features a series of tall, ornate columns with intricate carvings and statues atop them.",6.0,"The facade has a large archway with four columns on each side, and there is a sign that reads ""Pariser Platz"" in front of it.",3.0,3.0,/home/wangyz/project/0working/LangSplatV2/experiment_results/benchmark/v18_pipeline_ablation/results/v18_tokpipe_best2d_best3d_m2tokcat_m3tokcat_mmtokscale_odirect_T576_R5_C1/outputs/brandenburg_gate/24966547_5720548954_qa_results.json
rgb_much_lower,buckingham_palace,04781012_3416228976,12,judgelm,style_history_knowledge,What is the landmark's general function or cultural role?,It is the official London residence of the British monarch.,"The landmark is a palace, which suggests it serves as a residence for royalty or an important government building.",8.0,"Based solely on the image, the landmark appears to be a monument or memorial, likely commemorating an important historical figure or event. The presence of the seated figure with a scepter and the surrounding angels suggests themes of authority, peace, and possibly victory or divine blessing. The grandeur of the building and the prominence of the statue indicate that it is a place of significance, possibly related to governance or national history.",5.0,3.0,/home/wangyz/project/0working/LangSplatV2/experiment_results/benchmark/v18_pipeline_ablation/results/v18_tokpipe_best2d_best3d_m2tokcat_m3tokcat_mmtokscale_odirect_T576_R5_C1/outputs/buckingham_palace/04781012_3416228976_qa_results.json
rgb_much_lower,buckingham_palace,83860409_8232375477,10,judgelm,style_history_knowledge,What is the landmark's general function or cultural role?,It is the official London residence of the British monarch.,"The landmark is a grand building with intricate sculptures and statues, suggesting it may be a significant cultural or historical site.",8.0,"Based on the image, the landmark appears to be a monument or memorial, likely commemorating an important historical event or figure. The presence of the flag suggests it may also serve as a symbol of national pride or identity. Its grandeur and central location in what seems to be a significant square indicate that it is meant to be a focal point for public viewing and possibly a place for ceremonial events or gatherings.",5.0,3.0,/home/wangyz/project/0working/LangSplatV2/experiment_results/benchmark/v18_pipeline_ablation/results/v18_tokpipe_best2d_best3d_m2tokcat_m3tokcat_mmtokscale_odirect_T576_R5_C1/outputs/buckingham_palace/83860409_8232375477_qa_results.json
rgb_much_lower,notre_dame_front_facade,98773057_1661405515,14,judgelm,component_presence,What visible component matches this description: a religious sculptural scene above a portal?,Last Judgment scene,The visible component that matches this description is a religious sculptural scene above a portal.,8.0,The religious sculptural scene above the portal is the rose window.,5.0,3.0,/home/wangyz/project/0working/LangSplatV2/experiment_results/benchmark/v18_pipeline_ablation/results/v18_tokpipe_best2d_best3d_m2tokcat_m3tokcat_mmtokscale_odirect_T576_R5_C1/outputs/notre_dame_front_facade/98773057_1661405515_qa_results.json
rgb_much_lower,notre_dame_front_facade,99051180_197217963,13,judgelm,component_presence,What visible component matches this description: a religious sculptural scene above a portal?,Last Judgment scene,The visible component that matches this description is a religious sculptural scene above a portal.,8.0,The religious sculptural scene above a portal is the rose window.,5.0,3.0,/home/wangyz/project/0working/LangSplatV2/experiment_results/benchmark/v18_pipeline_ablation/results/v18_tokpipe_best2d_best3d_m2tokcat_m3tokcat_mmtokscale_odirect_T576_R5_C1/outputs/notre_dame_front_facade/99051180_197217963_qa_results.json
rgb_much_lower,brandenburg_gate,00787747_3221432213,13,judgelm,spatial_view_visibility,"In this oblique view, which direction are the horses facing?",Toward the left side of the image.,The horses are facing left.,10.0,left,8.0,2.0,/home/wangyz/project/0working/LangSplatV2/experiment_results/benchmark/v18_pipeline_ablation/results/v18_tokpipe_best2d_best3d_m2tokcat_m3tokcat_mmtokscale_odirect_T576_R5_C1/outputs/brandenburg_gate/00787747_3221432213_qa_results.json
rgb_much_lower,buckingham_palace,13245881_4780208614,4,judgelm,identity_location,"Based on the landmark shown in the image, which city and country is it located in?","London, United Kingdom.","The landmark is located in London, United Kingdom.",10.0,"The building in the image is Buckingham Palace, which is located in London, England. This can be inferred from the architectural style and the presence of the Union Jack flag, which indicates a British location. Additionally, the palace's grandeur and the formal entrance are characteristic of significant royal residences in the United Kingdom.",8.0,2.0,/home/wangyz/project/0working/LangSplatV2/experiment_results/benchmark/v18_pipeline_ablation/results/v18_tokpipe_best2d_best3d_m2tokcat_m3tokcat_mmtokscale_odirect_T576_R5_C1/outputs/buckingham_palace/13245881_4780208614_qa_results.json
rgb_much_lower,buckingham_palace,13245881_4780208614,12,judgelm,identity_location,"Based on the landmark shown in the image, which city is it located in?",London.,The landmark is located in London.,10.0,"The image alone does not provide explicit information about the city where this landmark is located. However, given the architectural style and the presence of a flagpole with a flag that could be associated with the United Kingdom, it is plausible that this building is situated in London, which is known for such grandiose and historic buildings. The specific design elements and the flag suggest it could be a government or royal building, which aligns with known landmarks in London.",8.0,2.0,/home/wangyz/project/0working/LangSplatV2/experiment_results/benchmark/v18_pipeline_ablation/results/v18_tokpipe_best2d_best3d_m2tokcat_m3tokcat_mmtokscale_odirect_T576_R5_C1/outputs/buckingham_palace/13245881_4780208614_qa_results.json
rgb_much_lower,buckingham_palace,13593997_333454483,4,judgelm,identity_location,"Based on the landmark shown in the image, which city and country is it located in?","London, United Kingdom.","The landmark is located in London, United Kingdom.",10.0,"The building in the image is Buckingham Palace, which is located in London, England. This can be inferred from the architectural style and the presence of the Union Jack flag, which indicates a British location. Additionally, the palace's grandeur and the formal setting are characteristic of London's royal palaces.",8.0,2.0,/home/wangyz/project/0working/LangSplatV2/experiment_results/benchmark/v18_pipeline_ablation/results/v18_tokpipe_best2d_best3d_m2tokcat_m3tokcat_mmtokscale_odirect_T576_R5_C1/outputs/buckingham_palace/13593997_333454483_qa_results.json
