experiment_id,scene,image,question_index,question,expected,final_answer,rgb_answer,metric_class,eval_type,objective_subtype,final_correct,rgb_correct,score,reason,raw_judgement,rgb_score,rgb_reason,rgb_raw_judgement,source_file,experiment_short,category,scene_label,is_objective,is_judgelm,ours_correct_bool,rgb_correct_bool,objective_outcome,group_key,score_num,rgb_score_num,judgelm_delta,judgelm_outcome_exact,judgelm_outcome_margin
v18_tokpipe_best2d_best3d_m2tokcat_m3tokcat_mmtokscale_odirect_T576_R5_C1,brandenburg_gate,01546257_302490568,1,What sculpture group is centered at the top of this image?,The Quadriga.,The sculpture group centered at the top of this image is the Brandenburg Gate.,"The sculpture group centered at the top of the image is the Quadriga, which is a chariot drawn by four horses abreast. It is a famous landmark located on the Brandenburg Gate in Berlin, Germany. The Quadriga is topped with a figure of Victoria, the Roman goddess of victory, holding a laurel wreath and a spear with a circular emblem at its tip.",judgelm,judgelm,judgelm,,,1.0,,1,9.0,,9,/home/wangyz/project/0working/LangSplatV2/experiment_results/benchmark/v18_pipeline_ablation/results/v18_tokpipe_best2d_best3d_m2tokcat_m3tokcat_mmtokscale_odirect_T576_R5_C1/outputs/brandenburg_gate/01546257_302490568_qa_results.json,mmtokscale_T576_R5,spatial_view_visibility,Brandenburg Gate,False,True,,,,brandenburg_gate||judgelm||judgelm||spatial_view_visibility||what sculpture group is centered at the top of this image?||the quadriga.,1.0,9.0,-8.0,rgb_higher,rgb_higher_025
v18_tokpipe_best2d_best3d_m2tokcat_m3tokcat_mmtokscale_odirect_T576_R5_C1,brandenburg_gate,01546257_302490568,2,Answer with a number only. How many horses are visible in the sculpture group?,4,2,4,number,objective,number,False,True,,,,,,,/home/wangyz/project/0working/LangSplatV2/experiment_results/benchmark/v18_pipeline_ablation/results/v18_tokpipe_best2d_best3d_m2tokcat_m3tokcat_mmtokscale_odirect_T576_R5_C1/outputs/brandenburg_gate/01546257_302490568_qa_results.json,mmtokscale_T576_R5,count_numeric,Brandenburg Gate,True,False,False,True,rgb_only_correct,brandenburg_gate||objective||number||count_numeric||how many horses are visible in the sculpture group?||4,,,,,
v18_tokpipe_best2d_best3d_m2tokcat_m3tokcat_mmtokscale_odirect_T576_R5_C1,brandenburg_gate,04729261_2862939197,4,Answer with a number only. How many horses are visible in the sculpture at the top?,4,4,4,number,objective,number,True,True,,,,,,,/home/wangyz/project/0working/LangSplatV2/experiment_results/benchmark/v18_pipeline_ablation/results/v18_tokpipe_best2d_best3d_m2tokcat_m3tokcat_mmtokscale_odirect_T576_R5_C1/outputs/brandenburg_gate/04729261_2862939197_qa_results.json,mmtokscale_T576_R5,count_numeric,Brandenburg Gate,True,False,True,True,both_correct,brandenburg_gate||objective||number||count_numeric||how many horses are visible in the sculpture at the top?||4,,,,,
v18_tokpipe_best2d_best3d_m2tokcat_m3tokcat_mmtokscale_odirect_T576_R5_C1,brandenburg_gate,04729261_2862939197,12,Which direction are the horses facing in the image?,Toward the right side of the image.,The horses are facing left.,The horses in the image are facing towards the left side of the frame.,judgelm,judgelm,judgelm,,,2.0,,2,5.0,,5,/home/wangyz/project/0working/LangSplatV2/experiment_results/benchmark/v18_pipeline_ablation/results/v18_tokpipe_best2d_best3d_m2tokcat_m3tokcat_mmtokscale_odirect_T576_R5_C1/outputs/brandenburg_gate/04729261_2862939197_qa_results.json,mmtokscale_T576_R5,spatial_view_visibility,Brandenburg Gate,False,True,,,,brandenburg_gate||judgelm||judgelm||spatial_view_visibility||which direction are the horses facing in the image?||toward the right side of the image.,2.0,5.0,-3.0,rgb_higher,rgb_higher_025
v18_tokpipe_best2d_best3d_m2tokcat_m3tokcat_mmtokscale_odirect_T576_R5_C1,brandenburg_gate,04729261_2862939197,21,Which ancient gateway is often cited as the design inspiration for the landmark shown in the image?,The Propylaea of the Acropolis in Athens.,The Brandenburg Gate is often cited as the design inspiration for the landmark shown in the image.,"The Brandenburg Gate is often cited as the design inspiration for the landmark shown in the image. It was originally built in 1799 to commemorate the Prussian victory over Napoleon and was a symbol of Berlin's status as the capital of the Kingdom of Prussia. The gate has been rebuilt several times, with its current structure dating back to 1876.",judgelm,judgelm,judgelm,,,1.0,,1,5.0,,5,/home/wangyz/project/0working/LangSplatV2/experiment_results/benchmark/v18_pipeline_ablation/results/v18_tokpipe_best2d_best3d_m2tokcat_m3tokcat_mmtokscale_odirect_T576_R5_C1/outputs/brandenburg_gate/04729261_2862939197_qa_results.json,mmtokscale_T576_R5,style_history_knowledge,Brandenburg Gate,False,True,,,,brandenburg_gate||judgelm||judgelm||style_history_knowledge||which ancient gateway is often cited as the design inspiration for the landmark shown in the image?||the propylaea of the acropolis in athens.,1.0,5.0,-4.0,rgb_higher,rgb_higher_025
v18_tokpipe_best2d_best3d_m2tokcat_m3tokcat_mmtokscale_odirect_T576_R5_C1,brandenburg_gate,24966547_5720548954,3,Answer with a number only. How many horses are visible in the sculpture at the top?,4,3,4,number,objective,number,False,True,,,,,,,/home/wangyz/project/0working/LangSplatV2/experiment_results/benchmark/v18_pipeline_ablation/results/v18_tokpipe_best2d_best3d_m2tokcat_m3tokcat_mmtokscale_odirect_T576_R5_C1/outputs/brandenburg_gate/24966547_5720548954_qa_results.json,mmtokscale_T576_R5,count_numeric,Brandenburg Gate,True,False,False,True,rgb_only_correct,brandenburg_gate||objective||number||count_numeric||how many horses are visible in the sculpture at the top?||4,,,,,
v18_tokpipe_best2d_best3d_m2tokcat_m3tokcat_mmtokscale_odirect_T576_R5_C1,brandenburg_gate,24966547_5720548954,8,Which ancient gateway is often cited as the design inspiration for the landmark shown in the image?,The Propylaea of the Acropolis in Athens.,The Brandenburg Gate is often cited as the design inspiration for the landmark shown in the image.,"The Brandenburg Gate is often cited as the design inspiration for the landmark shown in the image. It was originally inspired by the Arc de Triomphe in Paris, France, and its neoclassical design features columns and a central archway, similar to what is seen in the image.",judgelm,judgelm,judgelm,,,1.0,,1,5.0,,5,/home/wangyz/project/0working/LangSplatV2/experiment_results/benchmark/v18_pipeline_ablation/results/v18_tokpipe_best2d_best3d_m2tokcat_m3tokcat_mmtokscale_odirect_T576_R5_C1/outputs/brandenburg_gate/24966547_5720548954_qa_results.json,mmtokscale_T576_R5,style_history_knowledge,Brandenburg Gate,False,True,,,,brandenburg_gate||judgelm||judgelm||style_history_knowledge||which ancient gateway is often cited as the design inspiration for the landmark shown in the image?||the propylaea of the acropolis in athens.,1.0,5.0,-4.0,rgb_higher,rgb_higher_025
v18_tokpipe_best2d_best3d_m2tokcat_m3tokcat_mmtokscale_odirect_T576_R5_C1,brandenburg_gate,24966547_5720548954,10,Which direction are the horses facing in the image?,Toward the right side of the image.,The horses are facing left.,The horses in the image are facing towards the left side of the frame.,judgelm,judgelm,judgelm,,,2.0,,2,5.0,,5,/home/wangyz/project/0working/LangSplatV2/experiment_results/benchmark/v18_pipeline_ablation/results/v18_tokpipe_best2d_best3d_m2tokcat_m3tokcat_mmtokscale_odirect_T576_R5_C1/outputs/brandenburg_gate/24966547_5720548954_qa_results.json,mmtokscale_T576_R5,spatial_view_visibility,Brandenburg Gate,False,True,,,,brandenburg_gate||judgelm||judgelm||spatial_view_visibility||which direction are the horses facing in the image?||toward the right side of the image.,2.0,5.0,-3.0,rgb_higher,rgb_higher_025
v18_tokpipe_best2d_best3d_m2tokcat_m3tokcat_mmtokscale_odirect_T576_R5_C1,brandenburg_gate,43959267_2997124172,1,What sculpture group is centered at the top of this image?,The Quadriga.,The sculpture group centered at the top of this image is a group of horses and riders.,"The sculpture group centered at the top of the image is the Quadriga, which is a chariot drawn by four horses abreast. It is a famous landmark located on the Brandenburg Gate in Berlin, Germany. The Quadriga is topped with a figure of Victoria, the Roman goddess of victory, and an eagle. This sculpture was originally placed on the gate in 1864 to commemorate the 25th anniversary of the German Empire's victory over Prussia.",judgelm,judgelm,judgelm,,,8.0,,8,9.0,,9,/home/wangyz/project/0working/LangSplatV2/experiment_results/benchmark/v18_pipeline_ablation/results/v18_tokpipe_best2d_best3d_m2tokcat_m3tokcat_mmtokscale_odirect_T576_R5_C1/outputs/brandenburg_gate/43959267_2997124172_qa_results.json,mmtokscale_T576_R5,spatial_view_visibility,Brandenburg Gate,False,True,,,,brandenburg_gate||judgelm||judgelm||spatial_view_visibility||what sculpture group is centered at the top of this image?||the quadriga.,8.0,9.0,-1.0,rgb_higher,rgb_higher_025
v18_tokpipe_best2d_best3d_m2tokcat_m3tokcat_mmtokscale_odirect_T576_R5_C1,brandenburg_gate,43959267_2997124172,2,Answer with a number only. How many horses are visible in the sculpture group?,4,3,4,number,objective,number,False,True,,,,,,,/home/wangyz/project/0working/LangSplatV2/experiment_results/benchmark/v18_pipeline_ablation/results/v18_tokpipe_best2d_best3d_m2tokcat_m3tokcat_mmtokscale_odirect_T576_R5_C1/outputs/brandenburg_gate/43959267_2997124172_qa_results.json,mmtokscale_T576_R5,count_numeric,Brandenburg Gate,True,False,False,True,rgb_only_correct,brandenburg_gate||objective||number||count_numeric||how many horses are visible in the sculpture group?||4,,,,,
v18_tokpipe_best2d_best3d_m2tokcat_m3tokcat_mmtokscale_odirect_T576_R5_C1,brandenburg_gate,61697254_2523835209,3,Answer with a number only. How many horses are visible in the sculpture at the top?,4,3,4,number,objective,number,False,True,,,,,,,/home/wangyz/project/0working/LangSplatV2/experiment_results/benchmark/v18_pipeline_ablation/results/v18_tokpipe_best2d_best3d_m2tokcat_m3tokcat_mmtokscale_odirect_T576_R5_C1/outputs/brandenburg_gate/61697254_2523835209_qa_results.json,mmtokscale_T576_R5,count_numeric,Brandenburg Gate,True,False,False,True,rgb_only_correct,brandenburg_gate||objective||number||count_numeric||how many horses are visible in the sculpture at the top?||4,,,,,
v18_tokpipe_best2d_best3d_m2tokcat_m3tokcat_mmtokscale_odirect_T576_R5_C1,brandenburg_gate,73188193_6880123101,16,Answer with yes or no only. Is the passage space behind the columns visible from this angle?,Yes,No,Yes,yes_no,objective,yes_no,False,True,,,,,,,/home/wangyz/project/0working/LangSplatV2/experiment_results/benchmark/v18_pipeline_ablation/results/v18_tokpipe_best2d_best3d_m2tokcat_m3tokcat_mmtokscale_odirect_T576_R5_C1/outputs/brandenburg_gate/73188193_6880123101_qa_results.json,mmtokscale_T576_R5,spatial_view_visibility,Brandenburg Gate,True,False,False,True,rgb_only_correct,brandenburg_gate||objective||yes_no||spatial_view_visibility||is the passage space behind the columns visible from this angle?||yes,,,,,
v18_tokpipe_best2d_best3d_m2tokcat_m3tokcat_mmtokscale_odirect_T576_R5_C1,brandenburg_gate,74972815_6880126377,2,Answer with a number only. How many horses are visible in the sculpture at the top?,4,2,4,number,objective,number,False,True,,,,,,,/home/wangyz/project/0working/LangSplatV2/experiment_results/benchmark/v18_pipeline_ablation/results/v18_tokpipe_best2d_best3d_m2tokcat_m3tokcat_mmtokscale_odirect_T576_R5_C1/outputs/brandenburg_gate/74972815_6880126377_qa_results.json,mmtokscale_T576_R5,count_numeric,Brandenburg Gate,True,False,False,True,rgb_only_correct,brandenburg_gate||objective||number||count_numeric||how many horses are visible in the sculpture at the top?||4,,,,,
v18_tokpipe_best2d_best3d_m2tokcat_m3tokcat_mmtokscale_odirect_T576_R5_C1,brandenburg_gate,74972815_6880126377,7,Which ancient gateway is often cited as the design inspiration for the landmark shown in the image?,The Propylaea of the Acropolis in Athens.,The Brandenburg Gate is often cited as the design inspiration for the landmark shown in the image.,"The Brandenburg Gate is often cited as the design inspiration for the landmark shown in the image. It was originally built in 1799 to commemorate the Prussian victory over Napoleon and was modeled after the ancient Roman triumphal arches, such as the Arch of Titus in Rome.",judgelm,judgelm,judgelm,,,1.0,,1,5.0,,5,/home/wangyz/project/0working/LangSplatV2/experiment_results/benchmark/v18_pipeline_ablation/results/v18_tokpipe_best2d_best3d_m2tokcat_m3tokcat_mmtokscale_odirect_T576_R5_C1/outputs/brandenburg_gate/74972815_6880126377_qa_results.json,mmtokscale_T576_R5,style_history_knowledge,Brandenburg Gate,False,True,,,,brandenburg_gate||judgelm||judgelm||style_history_knowledge||which ancient gateway is often cited as the design inspiration for the landmark shown in the image?||the propylaea of the acropolis in athens.,1.0,5.0,-4.0,rgb_higher,rgb_higher_025
v18_tokpipe_best2d_best3d_m2tokcat_m3tokcat_mmtokscale_odirect_T576_R5_C1,brandenburg_gate,99933312_2768771111,18,Answer with yes or no only. Is the passage space behind the columns visible from this angle?,Yes,No,Yes,yes_no,objective,yes_no,False,True,,,,,,,/home/wangyz/project/0working/LangSplatV2/experiment_results/benchmark/v18_pipeline_ablation/results/v18_tokpipe_best2d_best3d_m2tokcat_m3tokcat_mmtokscale_odirect_T576_R5_C1/outputs/brandenburg_gate/99933312_2768771111_qa_results.json,mmtokscale_T576_R5,spatial_view_visibility,Brandenburg Gate,True,False,False,True,rgb_only_correct,brandenburg_gate||objective||yes_no||spatial_view_visibility||is the passage space behind the columns visible from this angle?||yes,,,,,
v18_tokpipe_best2d_best3d_m2tokcat_m3tokcat_mmtokscale_odirect_T576_R5_C1,brandenburg_gate,99933312_2768771111,22,Which ancient gateway is often cited as the design inspiration for the landmark shown in the image?,The Propylaea of the Acropolis in Athens.,The Brandenburg Gate is often cited as the design inspiration for the landmark shown in the image.,"The Brandenburg Gate in Berlin is often cited as the design inspiration for the landmark shown in the image. This is because both structures share a neoclassical style, with a central archway flanked by columns and topped with sculptures. The Brandenburg Gate was originally built in 1763 and has been a symbol of Berlin ever since, with its design influencing many other monumental gateways around the world.",judgelm,judgelm,judgelm,,,1.0,,1,5.0,,5,/home/wangyz/project/0working/LangSplatV2/experiment_results/benchmark/v18_pipeline_ablation/results/v18_tokpipe_best2d_best3d_m2tokcat_m3tokcat_mmtokscale_odirect_T576_R5_C1/outputs/brandenburg_gate/99933312_2768771111_qa_results.json,mmtokscale_T576_R5,style_history_knowledge,Brandenburg Gate,False,True,,,,brandenburg_gate||judgelm||judgelm||style_history_knowledge||which ancient gateway is often cited as the design inspiration for the landmark shown in the image?||the propylaea of the acropolis in athens.,1.0,5.0,-4.0,rgb_higher,rgb_higher_025
v18_tokpipe_best2d_best3d_m2tokcat_m3tokcat_mmtokscale_odirect_T576_R5_C1,pantheon_exterior,87464025_5591202797,3,Answer with yes or no only. Is the triangular pediment visible in this image?,Yes,Yes,Yes,yes_no,objective,yes_no,True,True,,,,,,,/home/wangyz/project/0working/LangSplatV2/experiment_results/benchmark/v18_pipeline_ablation/results/v18_tokpipe_best2d_best3d_m2tokcat_m3tokcat_mmtokscale_odirect_T576_R5_C1/outputs/pantheon_exterior/87464025_5591202797_qa_results.json,mmtokscale_T576_R5,spatial_view_visibility,Pantheon exterior,True,False,True,True,both_correct,pantheon_exterior||objective||yes_no||spatial_view_visibility||is the triangular pediment visible in this image?||yes,,,,,
v18_tokpipe_best2d_best3d_m2tokcat_m3tokcat_mmtokscale_odirect_T576_R5_C1,pantheon_exterior,87464025_5591202797,4,Answer with yes or no only. Is the front obelisk visible in this image?,Yes,No,yes,yes_no,objective,yes_no,False,True,,,,,,,/home/wangyz/project/0working/LangSplatV2/experiment_results/benchmark/v18_pipeline_ablation/results/v18_tokpipe_best2d_best3d_m2tokcat_m3tokcat_mmtokscale_odirect_T576_R5_C1/outputs/pantheon_exterior/87464025_5591202797_qa_results.json,mmtokscale_T576_R5,spatial_view_visibility,Pantheon exterior,True,False,False,True,rgb_only_correct,pantheon_exterior||objective||yes_no||spatial_view_visibility||is the front obelisk visible in this image?||yes,,,,,
v18_tokpipe_best2d_best3d_m2tokcat_m3tokcat_mmtokscale_odirect_T576_R5_C1,pantheon_exterior,87464025_5591202797,8,Answer with the option letter only. Which component is NOT visibly present in this image? A. triangular pediment B. front obelisk C. dome D. column,C,B,C,multiple_choice,objective,multiple_choice,False,True,,,,,,,/home/wangyz/project/0working/LangSplatV2/experiment_results/benchmark/v18_pipeline_ablation/results/v18_tokpipe_best2d_best3d_m2tokcat_m3tokcat_mmtokscale_odirect_T576_R5_C1/outputs/pantheon_exterior/87464025_5591202797_qa_results.json,mmtokscale_T576_R5,component_presence,Pantheon exterior,True,False,False,True,rgb_only_correct,pantheon_exterior||objective||multiple_choice||component_presence||which component is not visibly present in this image? a. triangular pediment b. front obelisk c. dome d. column||c,,,,,
v18_tokpipe_best2d_best3d_m2tokcat_m3tokcat_mmtokscale_odirect_T576_R5_C1,pantheon_exterior,96398918_9115435709,2,Answer with yes or no only. Is the triangular pediment visible in this image?,Yes,No,Yes,yes_no,objective,yes_no,False,True,,,,,,,/home/wangyz/project/0working/LangSplatV2/experiment_results/benchmark/v18_pipeline_ablation/results/v18_tokpipe_best2d_best3d_m2tokcat_m3tokcat_mmtokscale_odirect_T576_R5_C1/outputs/pantheon_exterior/96398918_9115435709_qa_results.json,mmtokscale_T576_R5,spatial_view_visibility,Pantheon exterior,True,False,False,True,rgb_only_correct,pantheon_exterior||objective||yes_no||spatial_view_visibility||is the triangular pediment visible in this image?||yes,,,,,
v18_tokpipe_best2d_best3d_m2tokcat_m3tokcat_mmtokscale_odirect_T576_R5_C1,pantheon_exterior,96398918_9115435709,3,Answer with yes or no only. Is the front obelisk visible in this image?,Yes,No,Yes,yes_no,objective,yes_no,False,True,,,,,,,/home/wangyz/project/0working/LangSplatV2/experiment_results/benchmark/v18_pipeline_ablation/results/v18_tokpipe_best2d_best3d_m2tokcat_m3tokcat_mmtokscale_odirect_T576_R5_C1/outputs/pantheon_exterior/96398918_9115435709_qa_results.json,mmtokscale_T576_R5,spatial_view_visibility,Pantheon exterior,True,False,False,True,rgb_only_correct,pantheon_exterior||objective||yes_no||spatial_view_visibility||is the front obelisk visible in this image?||yes,,,,,
v18_tokpipe_best2d_best3d_m2tokcat_m3tokcat_mmtokscale_odirect_T576_R5_C1,pantheon_exterior,96398918_9115435709,6,"Answer with the option letter only. Which visible component stands in front of the portico columns in the image?
A. Obelisk
B. Portico columns
C. Triangular pediment
D. Rotunda wall",A,C,A,multiple_choice,objective,multiple_choice,False,True,,,,,,,/home/wangyz/project/0working/LangSplatV2/experiment_results/benchmark/v18_pipeline_ablation/results/v18_tokpipe_best2d_best3d_m2tokcat_m3tokcat_mmtokscale_odirect_T576_R5_C1/outputs/pantheon_exterior/96398918_9115435709_qa_results.json,mmtokscale_T576_R5,component_presence,Pantheon exterior,True,False,False,True,rgb_only_correct,pantheon_exterior||objective||multiple_choice||component_presence||which visible component stands in front of the portico columns in the image? a. obelisk b. portico columns c. triangular pediment d. rotunda wall||a,,,,,
v18_tokpipe_best2d_best3d_m2tokcat_m3tokcat_mmtokscale_odirect_T576_R5_C1,pantheon_exterior,96398918_9115435709,10,Answer with the option letter only. Which component is NOT visibly present in this image? A. triangular pediment B. front obelisk C. dome D. column,C,C,C,multiple_choice,objective,multiple_choice,True,True,,,,,,,/home/wangyz/project/0working/LangSplatV2/experiment_results/benchmark/v18_pipeline_ablation/results/v18_tokpipe_best2d_best3d_m2tokcat_m3tokcat_mmtokscale_odirect_T576_R5_C1/outputs/pantheon_exterior/96398918_9115435709_qa_results.json,mmtokscale_T576_R5,component_presence,Pantheon exterior,True,False,True,True,both_correct,pantheon_exterior||objective||multiple_choice||component_presence||which component is not visibly present in this image? a. triangular pediment b. front obelisk c. dome d. column||c,,,,,
v18_tokpipe_best2d_best3d_m2tokcat_m3tokcat_mmtokscale_odirect_T576_R5_C1,pantheon_exterior,98043891_219987648,3,Answer with yes or no only. Is the triangular pediment visible in this image?,Yes,No,Yes,yes_no,objective,yes_no,False,True,,,,,,,/home/wangyz/project/0working/LangSplatV2/experiment_results/benchmark/v18_pipeline_ablation/results/v18_tokpipe_best2d_best3d_m2tokcat_m3tokcat_mmtokscale_odirect_T576_R5_C1/outputs/pantheon_exterior/98043891_219987648_qa_results.json,mmtokscale_T576_R5,spatial_view_visibility,Pantheon exterior,True,False,False,True,rgb_only_correct,pantheon_exterior||objective||yes_no||spatial_view_visibility||is the triangular pediment visible in this image?||yes,,,,,
v18_tokpipe_best2d_best3d_m2tokcat_m3tokcat_mmtokscale_odirect_T576_R5_C1,pantheon_exterior,98043891_219987648,4,Answer with yes or no only. Is the front obelisk visible in this image?,Yes,No,yes,yes_no,objective,yes_no,False,True,,,,,,,/home/wangyz/project/0working/LangSplatV2/experiment_results/benchmark/v18_pipeline_ablation/results/v18_tokpipe_best2d_best3d_m2tokcat_m3tokcat_mmtokscale_odirect_T576_R5_C1/outputs/pantheon_exterior/98043891_219987648_qa_results.json,mmtokscale_T576_R5,spatial_view_visibility,Pantheon exterior,True,False,False,True,rgb_only_correct,pantheon_exterior||objective||yes_no||spatial_view_visibility||is the front obelisk visible in this image?||yes,,,,,
v18_tokpipe_best2d_best3d_m2tokcat_m3tokcat_mmtokscale_odirect_T576_R5_C1,pantheon_exterior,98043891_219987648,9,Answer with yes or no only. Is the dome clearly visible in this image?,Yes,No,Yes,yes_no,objective,yes_no,False,True,,,,,,,/home/wangyz/project/0working/LangSplatV2/experiment_results/benchmark/v18_pipeline_ablation/results/v18_tokpipe_best2d_best3d_m2tokcat_m3tokcat_mmtokscale_odirect_T576_R5_C1/outputs/pantheon_exterior/98043891_219987648_qa_results.json,mmtokscale_T576_R5,spatial_view_visibility,Pantheon exterior,True,False,False,True,rgb_only_correct,pantheon_exterior||objective||yes_no||spatial_view_visibility||is the dome clearly visible in this image?||yes,,,,,
v18_tokpipe_best2d_best3d_m2tokcat_m3tokcat_mmtokscale_odirect_T576_R5_C1,pantheon_exterior,98289871_216940927,2,Answer with yes or no only. Is the triangular pediment visible in this image?,Yes,No,Yes,yes_no,objective,yes_no,False,True,,,,,,,/home/wangyz/project/0working/LangSplatV2/experiment_results/benchmark/v18_pipeline_ablation/results/v18_tokpipe_best2d_best3d_m2tokcat_m3tokcat_mmtokscale_odirect_T576_R5_C1/outputs/pantheon_exterior/98289871_216940927_qa_results.json,mmtokscale_T576_R5,spatial_view_visibility,Pantheon exterior,True,False,False,True,rgb_only_correct,pantheon_exterior||objective||yes_no||spatial_view_visibility||is the triangular pediment visible in this image?||yes,,,,,
v18_tokpipe_best2d_best3d_m2tokcat_m3tokcat_mmtokscale_odirect_T576_R5_C1,pantheon_exterior,98289871_216940927,9,What does the Latin inscription above the columns of the landmark in the image mean?,"It states that Marcus Agrippa, son of Lucius, built it when he was consul for the third time.","The Latin inscription above the columns of the landmark in the image reads ""MAGISTERIUM COSTAEVM,"" which translates to ""House of the Masters"" or ""Institute of the Masters."" This suggests that the building may have been used for educational purposes, possibly as a school or a place where skilled craftsmen were trained.","The Latin inscription above the columns of the Pantheon reads ""MAGRIPPA L.F. COS. III. FECIT,"" which translates to ""Magrippa, son of Lucius Furius, Consul for the third time, built this."" This inscription indicates that the structure was built by a person named Magrippa, who was the son of Lucius Furius and held the title of Consul for the third time. The term ""L.F."" likely stands for ""Lucius Furius,"" which is the name of the family to which the Consul belonged.",judgelm,judgelm,judgelm,,,5.0,,5,9.0,,9,/home/wangyz/project/0working/LangSplatV2/experiment_results/benchmark/v18_pipeline_ablation/results/v18_tokpipe_best2d_best3d_m2tokcat_m3tokcat_mmtokscale_odirect_T576_R5_C1/outputs/pantheon_exterior/98289871_216940927_qa_results.json,mmtokscale_T576_R5,style_history_knowledge,Pantheon exterior,False,True,,,,"pantheon_exterior||judgelm||judgelm||style_history_knowledge||what does the latin inscription above the columns of the landmark in the image mean?||it states that marcus agrippa, son of lucius, built it when he was consul for the third time.",5.0,9.0,-4.0,rgb_higher,rgb_higher_025
v18_tokpipe_best2d_best3d_m2tokcat_m3tokcat_mmtokscale_odirect_T576_R5_C1,pantheon_exterior,98316385_4723303241,2,Answer with yes or no only. Is the triangular pediment visible in this image?,Yes,No,Yes,yes_no,objective,yes_no,False,True,,,,,,,/home/wangyz/project/0working/LangSplatV2/experiment_results/benchmark/v18_pipeline_ablation/results/v18_tokpipe_best2d_best3d_m2tokcat_m3tokcat_mmtokscale_odirect_T576_R5_C1/outputs/pantheon_exterior/98316385_4723303241_qa_results.json,mmtokscale_T576_R5,spatial_view_visibility,Pantheon exterior,True,False,False,True,rgb_only_correct,pantheon_exterior||objective||yes_no||spatial_view_visibility||is the triangular pediment visible in this image?||yes,,,,,
v18_tokpipe_best2d_best3d_m2tokcat_m3tokcat_mmtokscale_odirect_T576_R5_C1,pantheon_exterior,98316385_4723303241,11,What does the Latin inscription above the columns of the landmark in the image mean?,"It states that Marcus Agrippa, son of Lucius, built it when he was consul for the third time.","The Latin inscription above the columns of the landmark in the image reads ""MAGNUM PAPVLVM,"" which translates to ""Great for the Papal States"" or ""Great for the Popes."" This inscription is a testament to the historical significance of the building, likely referring to its use by the papacy.","The Latin inscription above the columns of the landmark reads ""MAGRIPPA L F COSTERTIVM FECIT,"" which translates to ""Magrippa, son of Lucius, made this."" This indicates that the structure was built or sponsored by a person named Magrippa, who was the son of Lucius. The term ""L F"" typically stands for ""Lucius Filius,"" meaning ""son of Lucius,"" which was a common way to address sons in Roman society.",judgelm,judgelm,judgelm,,,5.0,,5,8.0,,8,/home/wangyz/project/0working/LangSplatV2/experiment_results/benchmark/v18_pipeline_ablation/results/v18_tokpipe_best2d_best3d_m2tokcat_m3tokcat_mmtokscale_odirect_T576_R5_C1/outputs/pantheon_exterior/98316385_4723303241_qa_results.json,mmtokscale_T576_R5,style_history_knowledge,Pantheon exterior,False,True,,,,"pantheon_exterior||judgelm||judgelm||style_history_knowledge||what does the latin inscription above the columns of the landmark in the image mean?||it states that marcus agrippa, son of lucius, built it when he was consul for the third time.",5.0,8.0,-3.0,rgb_higher,rgb_higher_025
v18_tokpipe_best2d_best3d_m2tokcat_m3tokcat_mmtokscale_odirect_T576_R5_C1,pantheon_exterior,98604604_7278562268,3,Answer with yes or no only. Is the triangular pediment visible in this image?,Yes,No,Yes,yes_no,objective,yes_no,False,True,,,,,,,/home/wangyz/project/0working/LangSplatV2/experiment_results/benchmark/v18_pipeline_ablation/results/v18_tokpipe_best2d_best3d_m2tokcat_m3tokcat_mmtokscale_odirect_T576_R5_C1/outputs/pantheon_exterior/98604604_7278562268_qa_results.json,mmtokscale_T576_R5,spatial_view_visibility,Pantheon exterior,True,False,False,True,rgb_only_correct,pantheon_exterior||objective||yes_no||spatial_view_visibility||is the triangular pediment visible in this image?||yes,,,,,
v18_tokpipe_best2d_best3d_m2tokcat_m3tokcat_mmtokscale_odirect_T576_R5_C1,pantheon_exterior,98604604_7278562268,11,What does the Latin inscription above the columns of the landmark in the image mean?,"It states that Marcus Agrippa, son of Lucius, built it when he was consul for the third time.","The Latin inscription above the columns of the landmark in the image reads ""MAGISTERIUM VIVENS,"" which translates to ""Living Masterpiece"" in English. This phrase is often used to describe a work of art or architecture that is considered timeless and of enduring value.","The Latin inscription above the columns of the landmark reads ""MAGRIFFAL L.F. COSTERTIVM FECIT,"" which translates to ""Magrippa, son of Lucius, made this."" This indicates that the structure was built or sponsored by a person named Magrippa, who was likely a son of someone named Lucius. The term ""FECIT"" is a common Latin verb meaning ""made"" or ""built,"" suggesting that Magrippa was responsible for the construction or dedication of the building.",judgelm,judgelm,judgelm,,,2.0,,2,8.0,,8,/home/wangyz/project/0working/LangSplatV2/experiment_results/benchmark/v18_pipeline_ablation/results/v18_tokpipe_best2d_best3d_m2tokcat_m3tokcat_mmtokscale_odirect_T576_R5_C1/outputs/pantheon_exterior/98604604_7278562268_qa_results.json,mmtokscale_T576_R5,style_history_knowledge,Pantheon exterior,False,True,,,,"pantheon_exterior||judgelm||judgelm||style_history_knowledge||what does the latin inscription above the columns of the landmark in the image mean?||it states that marcus agrippa, son of lucius, built it when he was consul for the third time.",2.0,8.0,-6.0,rgb_higher,rgb_higher_025
v18_tokpipe_best2d_best3d_m2tokcat_m3tokcat_mmtokscale_odirect_T576_R5_C1,pantheon_exterior,98662737_5935208182,3,Answer with yes or no only. Is the triangular pediment visible in this image?,Yes,Yes,Yes,yes_no,objective,yes_no,True,True,,,,,,,/home/wangyz/project/0working/LangSplatV2/experiment_results/benchmark/v18_pipeline_ablation/results/v18_tokpipe_best2d_best3d_m2tokcat_m3tokcat_mmtokscale_odirect_T576_R5_C1/outputs/pantheon_exterior/98662737_5935208182_qa_results.json,mmtokscale_T576_R5,spatial_view_visibility,Pantheon exterior,True,False,True,True,both_correct,pantheon_exterior||objective||yes_no||spatial_view_visibility||is the triangular pediment visible in this image?||yes,,,,,
v18_tokpipe_best2d_best3d_m2tokcat_m3tokcat_mmtokscale_odirect_T576_R5_C1,pantheon_exterior,98662737_5935208182,11,What does the Latin inscription above the columns of the landmark in the image mean?,"It states that Marcus Agrippa, son of Lucius, built it when he was consul for the third time.","The Latin inscription above the columns of the landmark in the image reads ""MAGISTERIUM COSTAEVM,"" which translates to ""House of the Masters"" or ""Institute of the Masters."" This suggests that the building may have been a place of learning, study, or professional development for individuals who were considered masters in their fields.","The Latin inscription above the columns of the landmark reads ""MAGRIPPA L. F. COS. TRIVM. FECIT,"" which translates to ""Magrippa, son of Lucius, made this third time."" This inscription indicates that the structure was built or restored by a person named Magrippa, who was the son of Lucius and held the title of Consul Trivum, suggesting that he was a high-ranking official in Roman society at the time. The term ""FECIT"" is a common way to end inscriptions in Latin, meaning ""he/she/it made.""",judgelm,judgelm,judgelm,,,5.0,,5,9.0,,9,/home/wangyz/project/0working/LangSplatV2/experiment_results/benchmark/v18_pipeline_ablation/results/v18_tokpipe_best2d_best3d_m2tokcat_m3tokcat_mmtokscale_odirect_T576_R5_C1/outputs/pantheon_exterior/98662737_5935208182_qa_results.json,mmtokscale_T576_R5,style_history_knowledge,Pantheon exterior,False,True,,,,"pantheon_exterior||judgelm||judgelm||style_history_knowledge||what does the latin inscription above the columns of the landmark in the image mean?||it states that marcus agrippa, son of lucius, built it when he was consul for the third time.",5.0,9.0,-4.0,rgb_higher,rgb_higher_025
v18_tokpipe_best2d_best3d_m2tokcat_m3tokcat_mmtokscale_odirect_T576_R5_C1,pantheon_exterior,99525902_2783486046,3,Answer with yes or no only. Is the triangular pediment visible in this image?,Yes,Yes,Yes,yes_no,objective,yes_no,True,True,,,,,,,/home/wangyz/project/0working/LangSplatV2/experiment_results/benchmark/v18_pipeline_ablation/results/v18_tokpipe_best2d_best3d_m2tokcat_m3tokcat_mmtokscale_odirect_T576_R5_C1/outputs/pantheon_exterior/99525902_2783486046_qa_results.json,mmtokscale_T576_R5,spatial_view_visibility,Pantheon exterior,True,False,True,True,both_correct,pantheon_exterior||objective||yes_no||spatial_view_visibility||is the triangular pediment visible in this image?||yes,,,,,
v18_tokpipe_best2d_best3d_m2tokcat_m3tokcat_mmtokscale_odirect_T576_R5_C1,pantheon_exterior,99525902_2783486046,4,Answer with yes or no only. Is the front obelisk visible in this image?,Yes,No,Yes,yes_no,objective,yes_no,False,True,,,,,,,/home/wangyz/project/0working/LangSplatV2/experiment_results/benchmark/v18_pipeline_ablation/results/v18_tokpipe_best2d_best3d_m2tokcat_m3tokcat_mmtokscale_odirect_T576_R5_C1/outputs/pantheon_exterior/99525902_2783486046_qa_results.json,mmtokscale_T576_R5,spatial_view_visibility,Pantheon exterior,True,False,False,True,rgb_only_correct,pantheon_exterior||objective||yes_no||spatial_view_visibility||is the front obelisk visible in this image?||yes,,,,,
v18_tokpipe_best2d_best3d_m2tokcat_m3tokcat_mmtokscale_odirect_T576_R5_C1,pantheon_exterior,99525902_2783486046,6,"Answer with the option letter only. Which visible component stands in front of the portico columns in the image?
A. Obelisk
B. Portico columns
C. Triangular pediment
D. Rotunda wall",A,C,A,multiple_choice,objective,multiple_choice,False,True,,,,,,,/home/wangyz/project/0working/LangSplatV2/experiment_results/benchmark/v18_pipeline_ablation/results/v18_tokpipe_best2d_best3d_m2tokcat_m3tokcat_mmtokscale_odirect_T576_R5_C1/outputs/pantheon_exterior/99525902_2783486046_qa_results.json,mmtokscale_T576_R5,component_presence,Pantheon exterior,True,False,False,True,rgb_only_correct,pantheon_exterior||objective||multiple_choice||component_presence||which visible component stands in front of the portico columns in the image? a. obelisk b. portico columns c. triangular pediment d. rotunda wall||a,,,,,
v18_tokpipe_best2d_best3d_m2tokcat_m3tokcat_mmtokscale_odirect_T576_R5_C1,pantheon_exterior,99525902_2783486046,11,Answer with yes or no only. Is the dome clearly visible in this image?,Yes,No,Yes,yes_no,objective,yes_no,False,True,,,,,,,/home/wangyz/project/0working/LangSplatV2/experiment_results/benchmark/v18_pipeline_ablation/results/v18_tokpipe_best2d_best3d_m2tokcat_m3tokcat_mmtokscale_odirect_T576_R5_C1/outputs/pantheon_exterior/99525902_2783486046_qa_results.json,mmtokscale_T576_R5,spatial_view_visibility,Pantheon exterior,True,False,False,True,rgb_only_correct,pantheon_exterior||objective||yes_no||spatial_view_visibility||is the dome clearly visible in this image?||yes,,,,,
v18_tokpipe_best2d_best3d_m2tokcat_m3tokcat_mmtokscale_odirect_T576_R5_C1,pantheon_exterior,99656965_3139976954,3,Answer with yes or no only. Is the triangular pediment visible in this image?,Yes,Yes,Yes,yes_no,objective,yes_no,True,True,,,,,,,/home/wangyz/project/0working/LangSplatV2/experiment_results/benchmark/v18_pipeline_ablation/results/v18_tokpipe_best2d_best3d_m2tokcat_m3tokcat_mmtokscale_odirect_T576_R5_C1/outputs/pantheon_exterior/99656965_3139976954_qa_results.json,mmtokscale_T576_R5,spatial_view_visibility,Pantheon exterior,True,False,True,True,both_correct,pantheon_exterior||objective||yes_no||spatial_view_visibility||is the triangular pediment visible in this image?||yes,,,,,
v18_tokpipe_best2d_best3d_m2tokcat_m3tokcat_mmtokscale_odirect_T576_R5_C1,pantheon_exterior,99656965_3139976954,9,Answer with yes or no only. Is the dome clearly visible in this image?,Yes,No,No,yes_no,objective,yes_no,False,False,,,,,,,/home/wangyz/project/0working/LangSplatV2/experiment_results/benchmark/v18_pipeline_ablation/results/v18_tokpipe_best2d_best3d_m2tokcat_m3tokcat_mmtokscale_odirect_T576_R5_C1/outputs/pantheon_exterior/99656965_3139976954_qa_results.json,mmtokscale_T576_R5,spatial_view_visibility,Pantheon exterior,True,False,False,False,both_wrong,pantheon_exterior||objective||yes_no||spatial_view_visibility||is the dome clearly visible in this image?||yes,,,,,
v18_tokpipe_best2d_best3d_m2tokcat_m3tokcat_mmtokscale_odirect_T576_R5_C1,pantheon_exterior,99656965_3139976954,11,What does the Latin inscription above the columns of the landmark in the image mean?,"It states that Marcus Agrippa, son of Lucius, built it when he was consul for the third time.","The Latin inscription above the columns of the landmark in the image reads ""MVMVMVMVMVMVMVMVMVMVMVMVMVMVMVMVMVMVMVMVMVMVMVMVMVMVMVMVMVMVMVMVMVMVMVMVMVMVMVMVMVMVMVMVMVMVMVMVMVMVMVMVMVMVMVMVMVMVMVMVMVMVMVMVMVMVMVMVMVMVMVMVMVMVMVMVMVMVMVMVMVMVMVMVMVMVMVMVMVMVMVMVMVMVMVMVMVMVMVMVMVMVMVMVMVMVMVMVMVMVMVMVMVM","The Latin inscription above the columns of the landmark reads ""MAGRIPPA L. F. COS. TERTIVM IMP. FECIT,"" which translates to ""Magrippa, son of Lucius, made this third time by the third consul."" This indicates that the structure was commissioned or built by a person named Magrippa, who was the son of Lucius and held the title of consul for the third time. The term ""imperium"" suggests that he may have been an emperor or held a high-ranking position in the Roman Empire at the time.",judgelm,judgelm,judgelm,,,1.0,,1,8.0,,8,/home/wangyz/project/0working/LangSplatV2/experiment_results/benchmark/v18_pipeline_ablation/results/v18_tokpipe_best2d_best3d_m2tokcat_m3tokcat_mmtokscale_odirect_T576_R5_C1/outputs/pantheon_exterior/99656965_3139976954_qa_results.json,mmtokscale_T576_R5,style_history_knowledge,Pantheon exterior,False,True,,,,"pantheon_exterior||judgelm||judgelm||style_history_knowledge||what does the latin inscription above the columns of the landmark in the image mean?||it states that marcus agrippa, son of lucius, built it when he was consul for the third time.",1.0,8.0,-7.0,rgb_higher,rgb_higher_025
v18_tokpipe_best2d_best3d_m2tokcat_m3tokcat_mmtokscale_odirect_T576_R5_C1,temple_nara_japan,42225809_253081971,6,Answer with a number only. How many distinct door components are visible?,3,10,3,number,objective,number,False,True,,,,,,,/home/wangyz/project/0working/LangSplatV2/experiment_results/benchmark/v18_pipeline_ablation/results/v18_tokpipe_best2d_best3d_m2tokcat_m3tokcat_mmtokscale_odirect_T576_R5_C1/outputs/temple_nara_japan/42225809_253081971_qa_results.json,mmtokscale_T576_R5,count_numeric,Tōdai-ji / Nara temple,True,False,False,True,rgb_only_correct,temple_nara_japan||objective||number||count_numeric||how many distinct door components are visible?||3,,,,,
v18_tokpipe_best2d_best3d_m2tokcat_m3tokcat_mmtokscale_odirect_T576_R5_C1,temple_nara_japan,99173697_532082145,6,Answer with a number only. How many distinct door components are visible?,3,3,3,number,objective,number,True,True,,,,,,,/home/wangyz/project/0working/LangSplatV2/experiment_results/benchmark/v18_pipeline_ablation/results/v18_tokpipe_best2d_best3d_m2tokcat_m3tokcat_mmtokscale_odirect_T576_R5_C1/outputs/temple_nara_japan/99173697_532082145_qa_results.json,mmtokscale_T576_R5,count_numeric,Tōdai-ji / Nara temple,True,False,True,True,both_correct,temple_nara_japan||objective||number||count_numeric||how many distinct door components are visible?||3,,,,,
v18_tokpipe_best2d_best3d_m2tokcat_m3tokcat_mmtokscale_odirect_T576_R5_C1,trevi_fountain,00234320_6263685886,12,What visible component matches this description: the central mythological male figure?,Oceanus,The central mythological male figure is a statue.,"The central mythological male figure is the one standing upright in the middle of the façade, holding what appears to be a spear or staff. He is surrounded by other sculptural elements and is part of a larger group of figures that are integral to the design of the building's central archway. This figure is likely to represent a deity or a significant historical or mythological character, given the grandeur and prominence of his position within the architectural composition.",judgelm,judgelm,judgelm,,,1.0,,1,10.0,,0 100,/home/wangyz/project/0working/LangSplatV2/experiment_results/benchmark/v18_pipeline_ablation/results/v18_tokpipe_best2d_best3d_m2tokcat_m3tokcat_mmtokscale_odirect_T576_R5_C1/outputs/trevi_fountain/00234320_6263685886_qa_results.json,mmtokscale_T576_R5,component_presence,Trevi Fountain,False,True,,,,trevi_fountain||judgelm||judgelm||component_presence||what visible component matches this description: the central mythological male figure?||oceanus,1.0,10.0,-9.0,rgb_higher,rgb_higher_025
v18_tokpipe_best2d_best3d_m2tokcat_m3tokcat_mmtokscale_odirect_T576_R5_C1,trevi_fountain,00358444_4165248133,14,What visible component matches this description: the central mythological male figure?,Oceanus,The central mythological male figure is a statue.,"The central mythological male figure is the one in the middle of the façade, standing on a pedestal and holding what appears to be a spear or staff. He is surrounded by other figures that seem to be interacting with him, suggesting a scene from classical mythology. This central figure is part of the sculptural group that adorns the base of the building's façade.",judgelm,judgelm,judgelm,,,1.0,,1,1.0,,1,/home/wangyz/project/0working/LangSplatV2/experiment_results/benchmark/v18_pipeline_ablation/results/v18_tokpipe_best2d_best3d_m2tokcat_m3tokcat_mmtokscale_odirect_T576_R5_C1/outputs/trevi_fountain/00358444_4165248133_qa_results.json,mmtokscale_T576_R5,component_presence,Trevi Fountain,False,True,,,,trevi_fountain||judgelm||judgelm||component_presence||what visible component matches this description: the central mythological male figure?||oceanus,1.0,1.0,0.0,tie,near_tie_025
v18_tokpipe_best2d_best3d_m2tokcat_m3tokcat_mmtokscale_odirect_T576_R5_C1,trevi_fountain,00644051_242819650,13,Answer with a number only. How many large rectangular relief panels are visible above the side sections of the fountain façade?,2,3,2,number,objective,number,False,True,,,,,,,/home/wangyz/project/0working/LangSplatV2/experiment_results/benchmark/v18_pipeline_ablation/results/v18_tokpipe_best2d_best3d_m2tokcat_m3tokcat_mmtokscale_odirect_T576_R5_C1/outputs/trevi_fountain/00644051_242819650_qa_results.json,mmtokscale_T576_R5,count_numeric,Trevi Fountain,True,False,False,True,rgb_only_correct,trevi_fountain||objective||number||count_numeric||how many large rectangular relief panels are visible above the side sections of the fountain façade?||2,,,,,
v18_tokpipe_best2d_best3d_m2tokcat_m3tokcat_mmtokscale_odirect_T576_R5_C1,trevi_fountain,00644051_242819650,14,What visible component matches this description: the central mythological male figure?,Oceanus,The central mythological male figure is a statue.,"The central mythological male figure is the one in the middle of the fountain, who appears to be the main focus of the sculpture. He is depicted in a dynamic pose, with water flowing from his hand, which suggests that he might be a representation of a god or a mythological character associated with water or rivers. This figure is surrounded by other sculptures that depict various scenes and figures, contributing to the overall narrative of the fountain.",judgelm,judgelm,judgelm,,,1.0,,1,1.0,,1,/home/wangyz/project/0working/LangSplatV2/experiment_results/benchmark/v18_pipeline_ablation/results/v18_tokpipe_best2d_best3d_m2tokcat_m3tokcat_mmtokscale_odirect_T576_R5_C1/outputs/trevi_fountain/00644051_242819650_qa_results.json,mmtokscale_T576_R5,component_presence,Trevi Fountain,False,True,,,,trevi_fountain||judgelm||judgelm||component_presence||what visible component matches this description: the central mythological male figure?||oceanus,1.0,1.0,0.0,tie,near_tie_025
v18_tokpipe_best2d_best3d_m2tokcat_m3tokcat_mmtokscale_odirect_T576_R5_C1,trevi_fountain,00896719_147282160,16,What visible component matches this description: the central mythological male figure?,Oceanus,The central mythological male figure is a statue.,The central mythological male figure is a statue.,judgelm,judgelm,judgelm,,,1.0,,1,1.0,,1,/home/wangyz/project/0working/LangSplatV2/experiment_results/benchmark/v18_pipeline_ablation/results/v18_tokpipe_best2d_best3d_m2tokcat_m3tokcat_mmtokscale_odirect_T576_R5_C1/outputs/trevi_fountain/00896719_147282160_qa_results.json,mmtokscale_T576_R5,component_presence,Trevi Fountain,False,True,,,,trevi_fountain||judgelm||judgelm||component_presence||what visible component matches this description: the central mythological male figure?||oceanus,1.0,1.0,0.0,tie,near_tie_025
v18_tokpipe_best2d_best3d_m2tokcat_m3tokcat_mmtokscale_odirect_T576_R5_C1,trevi_fountain,01981403_3710523135,16,What visible component matches this description: the central mythological male figure?,Oceanus,The central mythological male figure is a statue.,"The central mythological male figure is the one in the middle of the group of statues, who appears to be the focal point of the scene. He is standing upright and is holding what seems to be a spear or staff. This figure is part of the larger group of statues that are situated on the façade of the building, which is part of the Trevi Fountain in Rome, Italy.",judgelm,judgelm,judgelm,,,1.0,,1,10.0,,0 100,/home/wangyz/project/0working/LangSplatV2/experiment_results/benchmark/v18_pipeline_ablation/results/v18_tokpipe_best2d_best3d_m2tokcat_m3tokcat_mmtokscale_odirect_T576_R5_C1/outputs/trevi_fountain/01981403_3710523135_qa_results.json,mmtokscale_T576_R5,component_presence,Trevi Fountain,False,True,,,,trevi_fountain||judgelm||judgelm||component_presence||what visible component matches this description: the central mythological male figure?||oceanus,1.0,10.0,-9.0,rgb_higher,rgb_higher_025
v18_tokpipe_best2d_best3d_m2tokcat_m3tokcat_mmtokscale_odirect_T576_R5_C1,trevi_fountain,02904481_13883419663,16,Answer with a number only. How many large rectangular relief panels are visible above the side sections of the fountain façade?,2,3,2,number,objective,number,False,True,,,,,,,/home/wangyz/project/0working/LangSplatV2/experiment_results/benchmark/v18_pipeline_ablation/results/v18_tokpipe_best2d_best3d_m2tokcat_m3tokcat_mmtokscale_odirect_T576_R5_C1/outputs/trevi_fountain/02904481_13883419663_qa_results.json,mmtokscale_T576_R5,count_numeric,Trevi Fountain,True,False,False,True,rgb_only_correct,trevi_fountain||objective||number||count_numeric||how many large rectangular relief panels are visible above the side sections of the fountain façade?||2,,,,,
v18_tokpipe_best2d_best3d_m2tokcat_m3tokcat_mmtokscale_odirect_T576_R5_C1,trevi_fountain,02904481_13883419663,17,What visible component matches this description: the central mythological male figure?,Oceanus,The central mythological male figure is a statue.,"The central mythological male figure is the one standing upright with a beard, located on the right side of the façade. He is holding what appears to be a scroll or a book in his left hand and has a muscular build. This figure is part of the sculptural group that adorns the central part of the building, above the cascading water.",judgelm,judgelm,judgelm,,,1.0,,1,10.0,,0 100,/home/wangyz/project/0working/LangSplatV2/experiment_results/benchmark/v18_pipeline_ablation/results/v18_tokpipe_best2d_best3d_m2tokcat_m3tokcat_mmtokscale_odirect_T576_R5_C1/outputs/trevi_fountain/02904481_13883419663_qa_results.json,mmtokscale_T576_R5,component_presence,Trevi Fountain,False,True,,,,trevi_fountain||judgelm||judgelm||component_presence||what visible component matches this description: the central mythological male figure?||oceanus,1.0,10.0,-9.0,rgb_higher,rgb_higher_025
v18_tokpipe_best2d_best3d_m2tokcat_m3tokcat_mmtokscale_odirect_T576_R5_C1,trevi_fountain,03079088_3051939612,17,Answer with a number only. How many large rectangular relief panels are visible above the side sections of the fountain façade?,2,3,2,number,objective,number,False,True,,,,,,,/home/wangyz/project/0working/LangSplatV2/experiment_results/benchmark/v18_pipeline_ablation/results/v18_tokpipe_best2d_best3d_m2tokcat_m3tokcat_mmtokscale_odirect_T576_R5_C1/outputs/trevi_fountain/03079088_3051939612_qa_results.json,mmtokscale_T576_R5,count_numeric,Trevi Fountain,True,False,False,True,rgb_only_correct,trevi_fountain||objective||number||count_numeric||how many large rectangular relief panels are visible above the side sections of the fountain façade?||2,,,,,
v18_tokpipe_best2d_best3d_m2tokcat_m3tokcat_mmtokscale_odirect_T576_R5_C1,trevi_fountain,03079088_3051939612,18,What visible component matches this description: the central mythological male figure?,Oceanus,The central mythological male figure is a statue.,"The central mythological male figure is the statue of Neptune, located in the middle of the fountain.",judgelm,judgelm,judgelm,,,1.0,,1,2.0,,2,/home/wangyz/project/0working/LangSplatV2/experiment_results/benchmark/v18_pipeline_ablation/results/v18_tokpipe_best2d_best3d_m2tokcat_m3tokcat_mmtokscale_odirect_T576_R5_C1/outputs/trevi_fountain/03079088_3051939612_qa_results.json,mmtokscale_T576_R5,component_presence,Trevi Fountain,False,True,,,,trevi_fountain||judgelm||judgelm||component_presence||what visible component matches this description: the central mythological male figure?||oceanus,1.0,2.0,-1.0,rgb_higher,rgb_higher_025
v18_tokpipe_best2d_best3d_m2tokcat_m3tokcat_mmtokscale_odirect_T576_R5_C1,trevi_fountain,03801357_3078387778,15,What visible component matches this description: the central mythological male figure?,Oceanus,The central mythological male figure is a statue.,"The central mythological male figure is the dominant statue in the middle of the fountain, standing on a pedestal and holding what appears to be a spear or staff. He is depicted with flowing robes and a muscular build, embodying strength and authority. This figure is surrounded by water cascading down from above and is flanked by other statues that seem to be in motion, possibly representing mythological creatures or scenes.",judgelm,judgelm,judgelm,,,1.0,,1,1.0,,1,/home/wangyz/project/0working/LangSplatV2/experiment_results/benchmark/v18_pipeline_ablation/results/v18_tokpipe_best2d_best3d_m2tokcat_m3tokcat_mmtokscale_odirect_T576_R5_C1/outputs/trevi_fountain/03801357_3078387778_qa_results.json,mmtokscale_T576_R5,component_presence,Trevi Fountain,False,True,,,,trevi_fountain||judgelm||judgelm||component_presence||what visible component matches this description: the central mythological male figure?||oceanus,1.0,1.0,0.0,tie,near_tie_025
v18_tokpipe_best2d_best3d_m2tokcat_m3tokcat_mmtokscale_odirect_T576_R5_C1,trevi_fountain,04304346_11949718535,15,Answer with a number only. How many large rectangular relief panels are visible above the side sections of the fountain façade?,2,3,2,number,objective,number,False,True,,,,,,,/home/wangyz/project/0working/LangSplatV2/experiment_results/benchmark/v18_pipeline_ablation/results/v18_tokpipe_best2d_best3d_m2tokcat_m3tokcat_mmtokscale_odirect_T576_R5_C1/outputs/trevi_fountain/04304346_11949718535_qa_results.json,mmtokscale_T576_R5,count_numeric,Trevi Fountain,True,False,False,True,rgb_only_correct,trevi_fountain||objective||number||count_numeric||how many large rectangular relief panels are visible above the side sections of the fountain façade?||2,,,,,
v18_tokpipe_best2d_best3d_m2tokcat_m3tokcat_mmtokscale_odirect_T576_R5_C1,trevi_fountain,04304346_11949718535,16,What visible component matches this description: the central mythological male figure?,Oceanus,The central mythological male figure is a statue.,"The central mythological male figure is the one in the middle of the building, between the two large statues.",judgelm,judgelm,judgelm,,,1.0,,1,1.0,,1,/home/wangyz/project/0working/LangSplatV2/experiment_results/benchmark/v18_pipeline_ablation/results/v18_tokpipe_best2d_best3d_m2tokcat_m3tokcat_mmtokscale_odirect_T576_R5_C1/outputs/trevi_fountain/04304346_11949718535_qa_results.json,mmtokscale_T576_R5,component_presence,Trevi Fountain,False,True,,,,trevi_fountain||judgelm||judgelm||component_presence||what visible component matches this description: the central mythological male figure?||oceanus,1.0,1.0,0.0,tie,near_tie_025
v18_tokpipe_best2d_best3d_m2tokcat_m3tokcat_mmtokscale_odirect_T576_R5_C1,trevi_fountain,05568657_2694243590,14,Answer with a number only. How many large rectangular relief panels are visible above the side sections of the fountain façade?,2,3,2,number,objective,number,False,True,,,,,,,/home/wangyz/project/0working/LangSplatV2/experiment_results/benchmark/v18_pipeline_ablation/results/v18_tokpipe_best2d_best3d_m2tokcat_m3tokcat_mmtokscale_odirect_T576_R5_C1/outputs/trevi_fountain/05568657_2694243590_qa_results.json,mmtokscale_T576_R5,count_numeric,Trevi Fountain,True,False,False,True,rgb_only_correct,trevi_fountain||objective||number||count_numeric||how many large rectangular relief panels are visible above the side sections of the fountain façade?||2,,,,,
v18_tokpipe_best2d_best3d_m2tokcat_m3tokcat_mmtokscale_odirect_T576_R5_C1,trevi_fountain,05568657_2694243590,15,What visible component matches this description: the central mythological male figure?,Oceanus,The central mythological male figure is a statue.,"The central mythological male figure is the statue of Moses, located in the middle of the façade of the Trevi Fountain.",judgelm,judgelm,judgelm,,,1.0,,1,1.0,,1,/home/wangyz/project/0working/LangSplatV2/experiment_results/benchmark/v18_pipeline_ablation/results/v18_tokpipe_best2d_best3d_m2tokcat_m3tokcat_mmtokscale_odirect_T576_R5_C1/outputs/trevi_fountain/05568657_2694243590_qa_results.json,mmtokscale_T576_R5,component_presence,Trevi Fountain,False,True,,,,trevi_fountain||judgelm||judgelm||component_presence||what visible component matches this description: the central mythological male figure?||oceanus,1.0,1.0,0.0,tie,near_tie_025
v18_tokpipe_best2d_best3d_m2tokcat_m3tokcat_mmtokscale_odirect_T576_R5_C1,trevi_fountain,05593084_9128313439,16,What visible component matches this description: the central mythological male figure?,Oceanus,The central mythological male figure is a statue.,"The central figure is a male statue, likely representing a god or mythological character, who is standing with one foot on a rock and the other raised, holding what appears to be a cloth or garment in his left hand. He has a beard and is wearing a draped garment that falls over one shoulder, leaving the other bare. The statue is positioned above a fountain, with water flowing from its base. This figure is part of a larger group of statues that are part of the Trevi Fountain in Rome, Italy.",judgelm,judgelm,judgelm,,,1.0,,1,10.0,,0 100,/home/wangyz/project/0working/LangSplatV2/experiment_results/benchmark/v18_pipeline_ablation/results/v18_tokpipe_best2d_best3d_m2tokcat_m3tokcat_mmtokscale_odirect_T576_R5_C1/outputs/trevi_fountain/05593084_9128313439_qa_results.json,mmtokscale_T576_R5,component_presence,Trevi Fountain,False,True,,,,trevi_fountain||judgelm||judgelm||component_presence||what visible component matches this description: the central mythological male figure?||oceanus,1.0,10.0,-9.0,rgb_higher,rgb_higher_025
v18_tokpipe_best2d_best3d_m2tokcat_m3tokcat_mmtokscale_odirect_T576_R5_C1,trevi_fountain,05849192_9369715670,15,Answer with a number only. How many large rectangular relief panels are visible above the side sections of the fountain façade?,2,3,2,number,objective,number,False,True,,,,,,,/home/wangyz/project/0working/LangSplatV2/experiment_results/benchmark/v18_pipeline_ablation/results/v18_tokpipe_best2d_best3d_m2tokcat_m3tokcat_mmtokscale_odirect_T576_R5_C1/outputs/trevi_fountain/05849192_9369715670_qa_results.json,mmtokscale_T576_R5,count_numeric,Trevi Fountain,True,False,False,True,rgb_only_correct,trevi_fountain||objective||number||count_numeric||how many large rectangular relief panels are visible above the side sections of the fountain façade?||2,,,,,
v18_tokpipe_best2d_best3d_m2tokcat_m3tokcat_mmtokscale_odirect_T576_R5_C1,trevi_fountain,05849192_9369715670,16,What visible component matches this description: the central mythological male figure?,Oceanus,The central mythological male figure is a statue.,The central mythological male figure is the statue of Oceanus.,judgelm,judgelm,judgelm,,,1.0,,1,8.0,,8,/home/wangyz/project/0working/LangSplatV2/experiment_results/benchmark/v18_pipeline_ablation/results/v18_tokpipe_best2d_best3d_m2tokcat_m3tokcat_mmtokscale_odirect_T576_R5_C1/outputs/trevi_fountain/05849192_9369715670_qa_results.json,mmtokscale_T576_R5,component_presence,Trevi Fountain,False,True,,,,trevi_fountain||judgelm||judgelm||component_presence||what visible component matches this description: the central mythological male figure?||oceanus,1.0,8.0,-7.0,rgb_higher,rgb_higher_025
