experiment_id,scene,image,question_index,question,expected,final_answer,rgb_answer,metric_class,eval_type,objective_subtype,final_correct,rgb_correct,score,reason,raw_judgement,rgb_score,rgb_reason,rgb_raw_judgement,source_file,experiment_short,category,scene_label,is_objective,is_judgelm,ours_correct_bool,rgb_correct_bool,objective_outcome,group_key
v18_tokpipe_best2d_best3d_m2tokcat_m3tokcat_mmtokscale_odirect_T576_R5_C1,notre_dame_front_facade,96866778_4045929561,2,Answer with the option letter only. Which of these architectural or landmark components is visibly present in this image? A. rose window B. tympanum C. door D. onion dome,A,A,B,multiple_choice,objective,multiple_choice,True,False,,,,,,,/home/wangyz/project/0working/LangSplatV2/experiment_results/benchmark/v18_pipeline_ablation/results/v18_tokpipe_best2d_best3d_m2tokcat_m3tokcat_mmtokscale_odirect_T576_R5_C1/outputs/notre_dame_front_facade/96866778_4045929561_qa_results.json,mmtokscale_T576_R5,component_presence,Notre-Dame front facade,True,False,True,False,ours_only_correct,notre_dame_front_facade||objective||multiple_choice||component_presence||which of these architectural or landmark components is visibly present in this image? a. rose window b. tympanum c. door d. onion dome||a
v18_tokpipe_best2d_best3d_m2tokcat_m3tokcat_mmtokscale_odirect_T576_R5_C1,notre_dame_front_facade,96866778_4045929561,5,Answer with a number only. How many distinct rose window components are visible?,1,1,12,number,objective,number,True,False,,,,,,,/home/wangyz/project/0working/LangSplatV2/experiment_results/benchmark/v18_pipeline_ablation/results/v18_tokpipe_best2d_best3d_m2tokcat_m3tokcat_mmtokscale_odirect_T576_R5_C1/outputs/notre_dame_front_facade/96866778_4045929561_qa_results.json,mmtokscale_T576_R5,count_numeric,Notre-Dame front facade,True,False,True,False,ours_only_correct,notre_dame_front_facade||objective||number||count_numeric||how many distinct rose window components are visible?||1
v18_tokpipe_best2d_best3d_m2tokcat_m3tokcat_mmtokscale_odirect_T576_R5_C1,notre_dame_front_facade,96866778_4045929561,6,Answer with the option letter only. Which visible component is higher in the image? A. rose window B. Last Judgment scene,A,A,A,multiple_choice,objective,multiple_choice,True,True,,,,,,,/home/wangyz/project/0working/LangSplatV2/experiment_results/benchmark/v18_pipeline_ablation/results/v18_tokpipe_best2d_best3d_m2tokcat_m3tokcat_mmtokscale_odirect_T576_R5_C1/outputs/notre_dame_front_facade/96866778_4045929561_qa_results.json,mmtokscale_T576_R5,component_presence,Notre-Dame front facade,True,False,True,True,both_correct,notre_dame_front_facade||objective||multiple_choice||component_presence||which visible component is higher in the image? a. rose window b. last judgment scene||a
v18_tokpipe_best2d_best3d_m2tokcat_m3tokcat_mmtokscale_odirect_T576_R5_C1,notre_dame_front_facade,97540424_7796073188,2,Answer with the option letter only. Which of these architectural or landmark components is visibly present in this image? A. rose window B. tympanum C. door D. onion dome,A,A,A,multiple_choice,objective,multiple_choice,True,True,,,,,,,/home/wangyz/project/0working/LangSplatV2/experiment_results/benchmark/v18_pipeline_ablation/results/v18_tokpipe_best2d_best3d_m2tokcat_m3tokcat_mmtokscale_odirect_T576_R5_C1/outputs/notre_dame_front_facade/97540424_7796073188_qa_results.json,mmtokscale_T576_R5,component_presence,Notre-Dame front facade,True,False,True,True,both_correct,notre_dame_front_facade||objective||multiple_choice||component_presence||which of these architectural or landmark components is visibly present in this image? a. rose window b. tympanum c. door d. onion dome||a
v18_tokpipe_best2d_best3d_m2tokcat_m3tokcat_mmtokscale_odirect_T576_R5_C1,notre_dame_front_facade,97540424_7796073188,5,Answer with a number only. How many distinct rose window components are visible?,1,12,12,number,objective,number,False,False,,,,,,,/home/wangyz/project/0working/LangSplatV2/experiment_results/benchmark/v18_pipeline_ablation/results/v18_tokpipe_best2d_best3d_m2tokcat_m3tokcat_mmtokscale_odirect_T576_R5_C1/outputs/notre_dame_front_facade/97540424_7796073188_qa_results.json,mmtokscale_T576_R5,count_numeric,Notre-Dame front facade,True,False,False,False,both_wrong,notre_dame_front_facade||objective||number||count_numeric||how many distinct rose window components are visible?||1
v18_tokpipe_best2d_best3d_m2tokcat_m3tokcat_mmtokscale_odirect_T576_R5_C1,notre_dame_front_facade,97540424_7796073188,6,Answer with the option letter only. Which visible component is higher in the image? A. rose window B. Last Judgment scene,A,A,A,multiple_choice,objective,multiple_choice,True,True,,,,,,,/home/wangyz/project/0working/LangSplatV2/experiment_results/benchmark/v18_pipeline_ablation/results/v18_tokpipe_best2d_best3d_m2tokcat_m3tokcat_mmtokscale_odirect_T576_R5_C1/outputs/notre_dame_front_facade/97540424_7796073188_qa_results.json,mmtokscale_T576_R5,component_presence,Notre-Dame front facade,True,False,True,True,both_correct,notre_dame_front_facade||objective||multiple_choice||component_presence||which visible component is higher in the image? a. rose window b. last judgment scene||a
v18_tokpipe_best2d_best3d_m2tokcat_m3tokcat_mmtokscale_odirect_T576_R5_C1,notre_dame_front_facade,98773057_1661405515,2,Answer with the option letter only. Which of these architectural or landmark components is visibly present in this image? A. rose window B. tympanum C. door D. onion dome,A,A,A,multiple_choice,objective,multiple_choice,True,True,,,,,,,/home/wangyz/project/0working/LangSplatV2/experiment_results/benchmark/v18_pipeline_ablation/results/v18_tokpipe_best2d_best3d_m2tokcat_m3tokcat_mmtokscale_odirect_T576_R5_C1/outputs/notre_dame_front_facade/98773057_1661405515_qa_results.json,mmtokscale_T576_R5,component_presence,Notre-Dame front facade,True,False,True,True,both_correct,notre_dame_front_facade||objective||multiple_choice||component_presence||which of these architectural or landmark components is visibly present in this image? a. rose window b. tympanum c. door d. onion dome||a
v18_tokpipe_best2d_best3d_m2tokcat_m3tokcat_mmtokscale_odirect_T576_R5_C1,notre_dame_front_facade,98773057_1661405515,5,Answer with a number only. How many distinct rose window components are visible?,1,12,12,number,objective,number,False,False,,,,,,,/home/wangyz/project/0working/LangSplatV2/experiment_results/benchmark/v18_pipeline_ablation/results/v18_tokpipe_best2d_best3d_m2tokcat_m3tokcat_mmtokscale_odirect_T576_R5_C1/outputs/notre_dame_front_facade/98773057_1661405515_qa_results.json,mmtokscale_T576_R5,count_numeric,Notre-Dame front facade,True,False,False,False,both_wrong,notre_dame_front_facade||objective||number||count_numeric||how many distinct rose window components are visible?||1
v18_tokpipe_best2d_best3d_m2tokcat_m3tokcat_mmtokscale_odirect_T576_R5_C1,notre_dame_front_facade,98773057_1661405515,6,Answer with the option letter only. Which visible component is higher in the image? A. rose window B. Last Judgment scene,A,A,A,multiple_choice,objective,multiple_choice,True,True,,,,,,,/home/wangyz/project/0working/LangSplatV2/experiment_results/benchmark/v18_pipeline_ablation/results/v18_tokpipe_best2d_best3d_m2tokcat_m3tokcat_mmtokscale_odirect_T576_R5_C1/outputs/notre_dame_front_facade/98773057_1661405515_qa_results.json,mmtokscale_T576_R5,component_presence,Notre-Dame front facade,True,False,True,True,both_correct,notre_dame_front_facade||objective||multiple_choice||component_presence||which visible component is higher in the image? a. rose window b. last judgment scene||a
v18_tokpipe_best2d_best3d_m2tokcat_m3tokcat_mmtokscale_odirect_T576_R5_C1,notre_dame_front_facade,98912687_6099556076,2,Answer with the option letter only. Which of these architectural or landmark components is visibly present in this image? A. rose window B. tympanum C. door D. Last Judgment scene,A,A,A,multiple_choice,objective,multiple_choice,True,True,,,,,,,/home/wangyz/project/0working/LangSplatV2/experiment_results/benchmark/v18_pipeline_ablation/results/v18_tokpipe_best2d_best3d_m2tokcat_m3tokcat_mmtokscale_odirect_T576_R5_C1/outputs/notre_dame_front_facade/98912687_6099556076_qa_results.json,mmtokscale_T576_R5,component_presence,Notre-Dame front facade,True,False,True,True,both_correct,notre_dame_front_facade||objective||multiple_choice||component_presence||which of these architectural or landmark components is visibly present in this image? a. rose window b. tympanum c. door d. last judgment scene||a
v18_tokpipe_best2d_best3d_m2tokcat_m3tokcat_mmtokscale_odirect_T576_R5_C1,notre_dame_front_facade,98912687_6099556076,4,Answer with a number only. How many distinct rose window components are visible?,1,12,20,number,objective,number,False,False,,,,,,,/home/wangyz/project/0working/LangSplatV2/experiment_results/benchmark/v18_pipeline_ablation/results/v18_tokpipe_best2d_best3d_m2tokcat_m3tokcat_mmtokscale_odirect_T576_R5_C1/outputs/notre_dame_front_facade/98912687_6099556076_qa_results.json,mmtokscale_T576_R5,count_numeric,Notre-Dame front facade,True,False,False,False,both_wrong,notre_dame_front_facade||objective||number||count_numeric||how many distinct rose window components are visible?||1
v18_tokpipe_best2d_best3d_m2tokcat_m3tokcat_mmtokscale_odirect_T576_R5_C1,notre_dame_front_facade,99051180_197217963,2,Answer with the option letter only. Which of these architectural or landmark components is visibly present in this image? A. rose window B. tympanum C. door D. onion dome,A,A,A,multiple_choice,objective,multiple_choice,True,True,,,,,,,/home/wangyz/project/0working/LangSplatV2/experiment_results/benchmark/v18_pipeline_ablation/results/v18_tokpipe_best2d_best3d_m2tokcat_m3tokcat_mmtokscale_odirect_T576_R5_C1/outputs/notre_dame_front_facade/99051180_197217963_qa_results.json,mmtokscale_T576_R5,component_presence,Notre-Dame front facade,True,False,True,True,both_correct,notre_dame_front_facade||objective||multiple_choice||component_presence||which of these architectural or landmark components is visibly present in this image? a. rose window b. tympanum c. door d. onion dome||a
v18_tokpipe_best2d_best3d_m2tokcat_m3tokcat_mmtokscale_odirect_T576_R5_C1,notre_dame_front_facade,99051180_197217963,5,Answer with a number only. How many distinct rose window components are visible?,1,2,1,number,objective,number,False,True,,,,,,,/home/wangyz/project/0working/LangSplatV2/experiment_results/benchmark/v18_pipeline_ablation/results/v18_tokpipe_best2d_best3d_m2tokcat_m3tokcat_mmtokscale_odirect_T576_R5_C1/outputs/notre_dame_front_facade/99051180_197217963_qa_results.json,mmtokscale_T576_R5,count_numeric,Notre-Dame front facade,True,False,False,True,rgb_only_correct,notre_dame_front_facade||objective||number||count_numeric||how many distinct rose window components are visible?||1
v18_tokpipe_best2d_best3d_m2tokcat_m3tokcat_mmtokscale_odirect_T576_R5_C1,notre_dame_front_facade,99051180_197217963,6,Answer with the option letter only. Which visible component is higher in the image? A. rose window B. Last Judgment scene,A,A,A,multiple_choice,objective,multiple_choice,True,True,,,,,,,/home/wangyz/project/0working/LangSplatV2/experiment_results/benchmark/v18_pipeline_ablation/results/v18_tokpipe_best2d_best3d_m2tokcat_m3tokcat_mmtokscale_odirect_T576_R5_C1/outputs/notre_dame_front_facade/99051180_197217963_qa_results.json,mmtokscale_T576_R5,component_presence,Notre-Dame front facade,True,False,True,True,both_correct,notre_dame_front_facade||objective||multiple_choice||component_presence||which visible component is higher in the image? a. rose window b. last judgment scene||a
v18_tokpipe_best2d_best3d_m2tokcat_m3tokcat_mmtokscale_odirect_T576_R5_C1,notre_dame_front_facade,99442465_5374619776,2,Answer with the option letter only. Which of these architectural or landmark components is visibly present in this image? A. Last Judgment scene B. rose window C. tympanum D. door,A,C,C,multiple_choice,objective,multiple_choice,False,False,,,,,,,/home/wangyz/project/0working/LangSplatV2/experiment_results/benchmark/v18_pipeline_ablation/results/v18_tokpipe_best2d_best3d_m2tokcat_m3tokcat_mmtokscale_odirect_T576_R5_C1/outputs/notre_dame_front_facade/99442465_5374619776_qa_results.json,mmtokscale_T576_R5,component_presence,Notre-Dame front facade,True,False,False,False,both_wrong,notre_dame_front_facade||objective||multiple_choice||component_presence||which of these architectural or landmark components is visibly present in this image? a. last judgment scene b. rose window c. tympanum d. door||a
v18_tokpipe_best2d_best3d_m2tokcat_m3tokcat_mmtokscale_odirect_T576_R5_C1,notre_dame_front_facade,99652714_3819900868,2,Answer with the option letter only. Which of these architectural or landmark components is visibly present in this image? A. rose window B. tympanum C. door D. Last Judgment scene,A,A,A,multiple_choice,objective,multiple_choice,True,True,,,,,,,/home/wangyz/project/0working/LangSplatV2/experiment_results/benchmark/v18_pipeline_ablation/results/v18_tokpipe_best2d_best3d_m2tokcat_m3tokcat_mmtokscale_odirect_T576_R5_C1/outputs/notre_dame_front_facade/99652714_3819900868_qa_results.json,mmtokscale_T576_R5,component_presence,Notre-Dame front facade,True,False,True,True,both_correct,notre_dame_front_facade||objective||multiple_choice||component_presence||which of these architectural or landmark components is visibly present in this image? a. rose window b. tympanum c. door d. last judgment scene||a
v18_tokpipe_best2d_best3d_m2tokcat_m3tokcat_mmtokscale_odirect_T576_R5_C1,notre_dame_front_facade,99652714_3819900868,4,Answer with a number only. How many distinct rose window components are visible?,1,12,12,number,objective,number,False,False,,,,,,,/home/wangyz/project/0working/LangSplatV2/experiment_results/benchmark/v18_pipeline_ablation/results/v18_tokpipe_best2d_best3d_m2tokcat_m3tokcat_mmtokscale_odirect_T576_R5_C1/outputs/notre_dame_front_facade/99652714_3819900868_qa_results.json,mmtokscale_T576_R5,count_numeric,Notre-Dame front facade,True,False,False,False,both_wrong,notre_dame_front_facade||objective||number||count_numeric||how many distinct rose window components are visible?||1
v18_tokpipe_best2d_best3d_m2tokcat_m3tokcat_mmtokscale_odirect_T576_R5_C1,notre_dame_front_facade,99784014_3777253105,2,Answer with the option letter only. Which of these architectural or landmark components is visibly present in this image? A. rose window B. tympanum C. door D. onion dome,A,A,A,multiple_choice,objective,multiple_choice,True,True,,,,,,,/home/wangyz/project/0working/LangSplatV2/experiment_results/benchmark/v18_pipeline_ablation/results/v18_tokpipe_best2d_best3d_m2tokcat_m3tokcat_mmtokscale_odirect_T576_R5_C1/outputs/notre_dame_front_facade/99784014_3777253105_qa_results.json,mmtokscale_T576_R5,component_presence,Notre-Dame front facade,True,False,True,True,both_correct,notre_dame_front_facade||objective||multiple_choice||component_presence||which of these architectural or landmark components is visibly present in this image? a. rose window b. tympanum c. door d. onion dome||a
v18_tokpipe_best2d_best3d_m2tokcat_m3tokcat_mmtokscale_odirect_T576_R5_C1,notre_dame_front_facade,99784014_3777253105,4,Answer with a number only. How many distinct rose window components are visible?,1,1,12,number,objective,number,True,False,,,,,,,/home/wangyz/project/0working/LangSplatV2/experiment_results/benchmark/v18_pipeline_ablation/results/v18_tokpipe_best2d_best3d_m2tokcat_m3tokcat_mmtokscale_odirect_T576_R5_C1/outputs/notre_dame_front_facade/99784014_3777253105_qa_results.json,mmtokscale_T576_R5,count_numeric,Notre-Dame front facade,True,False,True,False,ours_only_correct,notre_dame_front_facade||objective||number||count_numeric||how many distinct rose window components are visible?||1
v18_tokpipe_best2d_best3d_m2tokcat_m3tokcat_mmtokscale_odirect_T576_R5_C1,sacre_coeur,00318781_8039756060,3,Answer with yes or no only. Is the bronze sculpture visible in this image?,Yes,Yes,yes,yes_no,objective,yes_no,True,True,,,,,,,/home/wangyz/project/0working/LangSplatV2/experiment_results/benchmark/v18_pipeline_ablation/results/v18_tokpipe_best2d_best3d_m2tokcat_m3tokcat_mmtokscale_odirect_T576_R5_C1/outputs/sacre_coeur/00318781_8039756060_qa_results.json,mmtokscale_T576_R5,spatial_view_visibility,Sacré-Cœur,True,False,True,True,both_correct,sacre_coeur||objective||yes_no||spatial_view_visibility||is the bronze sculpture visible in this image?||yes
v18_tokpipe_best2d_best3d_m2tokcat_m3tokcat_mmtokscale_odirect_T576_R5_C1,sacre_coeur,00318781_8039756060,4,Answer with yes or no only. Is the Joan of Arc statue visible in this image?,Yes,Yes,Yes,yes_no,objective,yes_no,True,True,,,,,,,/home/wangyz/project/0working/LangSplatV2/experiment_results/benchmark/v18_pipeline_ablation/results/v18_tokpipe_best2d_best3d_m2tokcat_m3tokcat_mmtokscale_odirect_T576_R5_C1/outputs/sacre_coeur/00318781_8039756060_qa_results.json,mmtokscale_T576_R5,spatial_view_visibility,Sacré-Cœur,True,False,True,True,both_correct,sacre_coeur||objective||yes_no||spatial_view_visibility||is the joan of arc statue visible in this image?||yes
v18_tokpipe_best2d_best3d_m2tokcat_m3tokcat_mmtokscale_odirect_T576_R5_C1,sacre_coeur,00318781_8039756060,5,Answer with yes or no only. Is the Saint Louis statue visible in this image?,Yes,Yes,Yes,yes_no,objective,yes_no,True,True,,,,,,,/home/wangyz/project/0working/LangSplatV2/experiment_results/benchmark/v18_pipeline_ablation/results/v18_tokpipe_best2d_best3d_m2tokcat_m3tokcat_mmtokscale_odirect_T576_R5_C1/outputs/sacre_coeur/00318781_8039756060_qa_results.json,mmtokscale_T576_R5,spatial_view_visibility,Sacré-Cœur,True,False,True,True,both_correct,sacre_coeur||objective||yes_no||spatial_view_visibility||is the saint louis statue visible in this image?||yes
v18_tokpipe_best2d_best3d_m2tokcat_m3tokcat_mmtokscale_odirect_T576_R5_C1,sacre_coeur,00318781_8039756060,11,Answer with yes or no only. Is the rose window clearly visible in this image?,Yes,No,No,yes_no,objective,yes_no,False,False,,,,,,,/home/wangyz/project/0working/LangSplatV2/experiment_results/benchmark/v18_pipeline_ablation/results/v18_tokpipe_best2d_best3d_m2tokcat_m3tokcat_mmtokscale_odirect_T576_R5_C1/outputs/sacre_coeur/00318781_8039756060_qa_results.json,mmtokscale_T576_R5,spatial_view_visibility,Sacré-Cœur,True,False,False,False,both_wrong,sacre_coeur||objective||yes_no||spatial_view_visibility||is the rose window clearly visible in this image?||yes
v18_tokpipe_best2d_best3d_m2tokcat_m3tokcat_mmtokscale_odirect_T576_R5_C1,sacre_coeur,02786360_4030483701,3,Answer with yes or no only. Is the bronze sculpture visible in this image?,Yes,Yes,Yes,yes_no,objective,yes_no,True,True,,,,,,,/home/wangyz/project/0working/LangSplatV2/experiment_results/benchmark/v18_pipeline_ablation/results/v18_tokpipe_best2d_best3d_m2tokcat_m3tokcat_mmtokscale_odirect_T576_R5_C1/outputs/sacre_coeur/02786360_4030483701_qa_results.json,mmtokscale_T576_R5,spatial_view_visibility,Sacré-Cœur,True,False,True,True,both_correct,sacre_coeur||objective||yes_no||spatial_view_visibility||is the bronze sculpture visible in this image?||yes
v18_tokpipe_best2d_best3d_m2tokcat_m3tokcat_mmtokscale_odirect_T576_R5_C1,sacre_coeur,02786360_4030483701,4,Answer with yes or no only. Is the Joan of Arc statue visible in this image?,Yes,Yes,No,yes_no,objective,yes_no,True,False,,,,,,,/home/wangyz/project/0working/LangSplatV2/experiment_results/benchmark/v18_pipeline_ablation/results/v18_tokpipe_best2d_best3d_m2tokcat_m3tokcat_mmtokscale_odirect_T576_R5_C1/outputs/sacre_coeur/02786360_4030483701_qa_results.json,mmtokscale_T576_R5,spatial_view_visibility,Sacré-Cœur,True,False,True,False,ours_only_correct,sacre_coeur||objective||yes_no||spatial_view_visibility||is the joan of arc statue visible in this image?||yes
v18_tokpipe_best2d_best3d_m2tokcat_m3tokcat_mmtokscale_odirect_T576_R5_C1,sacre_coeur,02786360_4030483701,5,Answer with yes or no only. Is the Saint Louis statue visible in this image?,Yes,Yes,Yes,yes_no,objective,yes_no,True,True,,,,,,,/home/wangyz/project/0working/LangSplatV2/experiment_results/benchmark/v18_pipeline_ablation/results/v18_tokpipe_best2d_best3d_m2tokcat_m3tokcat_mmtokscale_odirect_T576_R5_C1/outputs/sacre_coeur/02786360_4030483701_qa_results.json,mmtokscale_T576_R5,spatial_view_visibility,Sacré-Cœur,True,False,True,True,both_correct,sacre_coeur||objective||yes_no||spatial_view_visibility||is the saint louis statue visible in this image?||yes
v18_tokpipe_best2d_best3d_m2tokcat_m3tokcat_mmtokscale_odirect_T576_R5_C1,sacre_coeur,02786360_4030483701,11,Answer with yes or no only. Is the rose window clearly visible in this image?,Yes,Yes.,Yes,yes_no,objective,yes_no,True,True,,,,,,,/home/wangyz/project/0working/LangSplatV2/experiment_results/benchmark/v18_pipeline_ablation/results/v18_tokpipe_best2d_best3d_m2tokcat_m3tokcat_mmtokscale_odirect_T576_R5_C1/outputs/sacre_coeur/02786360_4030483701_qa_results.json,mmtokscale_T576_R5,spatial_view_visibility,Sacré-Cœur,True,False,True,True,both_correct,sacre_coeur||objective||yes_no||spatial_view_visibility||is the rose window clearly visible in this image?||yes
v18_tokpipe_best2d_best3d_m2tokcat_m3tokcat_mmtokscale_odirect_T576_R5_C1,sacre_coeur,02933228_4036000307,3,Answer with yes or no only. Is the bronze sculpture visible in this image?,Yes,Yes,yes,yes_no,objective,yes_no,True,True,,,,,,,/home/wangyz/project/0working/LangSplatV2/experiment_results/benchmark/v18_pipeline_ablation/results/v18_tokpipe_best2d_best3d_m2tokcat_m3tokcat_mmtokscale_odirect_T576_R5_C1/outputs/sacre_coeur/02933228_4036000307_qa_results.json,mmtokscale_T576_R5,spatial_view_visibility,Sacré-Cœur,True,False,True,True,both_correct,sacre_coeur||objective||yes_no||spatial_view_visibility||is the bronze sculpture visible in this image?||yes
v18_tokpipe_best2d_best3d_m2tokcat_m3tokcat_mmtokscale_odirect_T576_R5_C1,sacre_coeur,02933228_4036000307,4,Answer with yes or no only. Is the Joan of Arc statue visible in this image?,Yes,Yes,Yes,yes_no,objective,yes_no,True,True,,,,,,,/home/wangyz/project/0working/LangSplatV2/experiment_results/benchmark/v18_pipeline_ablation/results/v18_tokpipe_best2d_best3d_m2tokcat_m3tokcat_mmtokscale_odirect_T576_R5_C1/outputs/sacre_coeur/02933228_4036000307_qa_results.json,mmtokscale_T576_R5,spatial_view_visibility,Sacré-Cœur,True,False,True,True,both_correct,sacre_coeur||objective||yes_no||spatial_view_visibility||is the joan of arc statue visible in this image?||yes
v18_tokpipe_best2d_best3d_m2tokcat_m3tokcat_mmtokscale_odirect_T576_R5_C1,sacre_coeur,02933228_4036000307,5,Answer with yes or no only. Is the Saint Louis statue visible in this image?,Yes,Yes,Yes,yes_no,objective,yes_no,True,True,,,,,,,/home/wangyz/project/0working/LangSplatV2/experiment_results/benchmark/v18_pipeline_ablation/results/v18_tokpipe_best2d_best3d_m2tokcat_m3tokcat_mmtokscale_odirect_T576_R5_C1/outputs/sacre_coeur/02933228_4036000307_qa_results.json,mmtokscale_T576_R5,spatial_view_visibility,Sacré-Cœur,True,False,True,True,both_correct,sacre_coeur||objective||yes_no||spatial_view_visibility||is the saint louis statue visible in this image?||yes
v18_tokpipe_best2d_best3d_m2tokcat_m3tokcat_mmtokscale_odirect_T576_R5_C1,sacre_coeur,02933228_4036000307,10,Answer with yes or no only. Is the rose window clearly visible in this image?,Yes,Yes,No,yes_no,objective,yes_no,True,False,,,,,,,/home/wangyz/project/0working/LangSplatV2/experiment_results/benchmark/v18_pipeline_ablation/results/v18_tokpipe_best2d_best3d_m2tokcat_m3tokcat_mmtokscale_odirect_T576_R5_C1/outputs/sacre_coeur/02933228_4036000307_qa_results.json,mmtokscale_T576_R5,spatial_view_visibility,Sacré-Cœur,True,False,True,False,ours_only_correct,sacre_coeur||objective||yes_no||spatial_view_visibility||is the rose window clearly visible in this image?||yes
v18_tokpipe_best2d_best3d_m2tokcat_m3tokcat_mmtokscale_odirect_T576_R5_C1,sacre_coeur,03903474_1471484089,3,Answer with yes or no only. Is the bronze sculpture visible in this image?,Yes,Yes,yes,yes_no,objective,yes_no,True,True,,,,,,,/home/wangyz/project/0working/LangSplatV2/experiment_results/benchmark/v18_pipeline_ablation/results/v18_tokpipe_best2d_best3d_m2tokcat_m3tokcat_mmtokscale_odirect_T576_R5_C1/outputs/sacre_coeur/03903474_1471484089_qa_results.json,mmtokscale_T576_R5,spatial_view_visibility,Sacré-Cœur,True,False,True,True,both_correct,sacre_coeur||objective||yes_no||spatial_view_visibility||is the bronze sculpture visible in this image?||yes
v18_tokpipe_best2d_best3d_m2tokcat_m3tokcat_mmtokscale_odirect_T576_R5_C1,sacre_coeur,03903474_1471484089,4,Answer with yes or no only. Is the Joan of Arc statue visible in this image?,Yes,Yes,Yes,yes_no,objective,yes_no,True,True,,,,,,,/home/wangyz/project/0working/LangSplatV2/experiment_results/benchmark/v18_pipeline_ablation/results/v18_tokpipe_best2d_best3d_m2tokcat_m3tokcat_mmtokscale_odirect_T576_R5_C1/outputs/sacre_coeur/03903474_1471484089_qa_results.json,mmtokscale_T576_R5,spatial_view_visibility,Sacré-Cœur,True,False,True,True,both_correct,sacre_coeur||objective||yes_no||spatial_view_visibility||is the joan of arc statue visible in this image?||yes
v18_tokpipe_best2d_best3d_m2tokcat_m3tokcat_mmtokscale_odirect_T576_R5_C1,sacre_coeur,03903474_1471484089,5,Answer with yes or no only. Is the Saint Louis statue visible in this image?,Yes,Yes,Yes,yes_no,objective,yes_no,True,True,,,,,,,/home/wangyz/project/0working/LangSplatV2/experiment_results/benchmark/v18_pipeline_ablation/results/v18_tokpipe_best2d_best3d_m2tokcat_m3tokcat_mmtokscale_odirect_T576_R5_C1/outputs/sacre_coeur/03903474_1471484089_qa_results.json,mmtokscale_T576_R5,spatial_view_visibility,Sacré-Cœur,True,False,True,True,both_correct,sacre_coeur||objective||yes_no||spatial_view_visibility||is the saint louis statue visible in this image?||yes
v18_tokpipe_best2d_best3d_m2tokcat_m3tokcat_mmtokscale_odirect_T576_R5_C1,sacre_coeur,03903474_1471484089,10,Answer with yes or no only. Is the rose window clearly visible in this image?,Yes,No.,No,yes_no,objective,yes_no,False,False,,,,,,,/home/wangyz/project/0working/LangSplatV2/experiment_results/benchmark/v18_pipeline_ablation/results/v18_tokpipe_best2d_best3d_m2tokcat_m3tokcat_mmtokscale_odirect_T576_R5_C1/outputs/sacre_coeur/03903474_1471484089_qa_results.json,mmtokscale_T576_R5,spatial_view_visibility,Sacré-Cœur,True,False,False,False,both_wrong,sacre_coeur||objective||yes_no||spatial_view_visibility||is the rose window clearly visible in this image?||yes
v18_tokpipe_best2d_best3d_m2tokcat_m3tokcat_mmtokscale_odirect_T576_R5_C1,sacre_coeur,05309256_5316639921,2,Answer with yes or no only. Is the bronze sculpture visible in this image?,Yes,Yes,yes,yes_no,objective,yes_no,True,True,,,,,,,/home/wangyz/project/0working/LangSplatV2/experiment_results/benchmark/v18_pipeline_ablation/results/v18_tokpipe_best2d_best3d_m2tokcat_m3tokcat_mmtokscale_odirect_T576_R5_C1/outputs/sacre_coeur/05309256_5316639921_qa_results.json,mmtokscale_T576_R5,spatial_view_visibility,Sacré-Cœur,True,False,True,True,both_correct,sacre_coeur||objective||yes_no||spatial_view_visibility||is the bronze sculpture visible in this image?||yes
v18_tokpipe_best2d_best3d_m2tokcat_m3tokcat_mmtokscale_odirect_T576_R5_C1,sacre_coeur,05309256_5316639921,3,Answer with yes or no only. Is the Saint Louis statue visible in this image?,Yes,Yes,Yes,yes_no,objective,yes_no,True,True,,,,,,,/home/wangyz/project/0working/LangSplatV2/experiment_results/benchmark/v18_pipeline_ablation/results/v18_tokpipe_best2d_best3d_m2tokcat_m3tokcat_mmtokscale_odirect_T576_R5_C1/outputs/sacre_coeur/05309256_5316639921_qa_results.json,mmtokscale_T576_R5,spatial_view_visibility,Sacré-Cœur,True,False,True,True,both_correct,sacre_coeur||objective||yes_no||spatial_view_visibility||is the saint louis statue visible in this image?||yes
v18_tokpipe_best2d_best3d_m2tokcat_m3tokcat_mmtokscale_odirect_T576_R5_C1,sacre_coeur,05309256_5316639921,4,Answer with yes or no only. Is the central religious statue visible in this image?,Yes,Yes,No,yes_no,objective,yes_no,True,False,,,,,,,/home/wangyz/project/0working/LangSplatV2/experiment_results/benchmark/v18_pipeline_ablation/results/v18_tokpipe_best2d_best3d_m2tokcat_m3tokcat_mmtokscale_odirect_T576_R5_C1/outputs/sacre_coeur/05309256_5316639921_qa_results.json,mmtokscale_T576_R5,spatial_view_visibility,Sacré-Cœur,True,False,True,False,ours_only_correct,sacre_coeur||objective||yes_no||spatial_view_visibility||is the central religious statue visible in this image?||yes
v18_tokpipe_best2d_best3d_m2tokcat_m3tokcat_mmtokscale_odirect_T576_R5_C1,sacre_coeur,05309256_5316639921,7,Answer with yes or no only. Is the Joan of Arc statue clearly visible in this image?,No,Yes,Yes,yes_no,objective,yes_no,False,False,,,,,,,/home/wangyz/project/0working/LangSplatV2/experiment_results/benchmark/v18_pipeline_ablation/results/v18_tokpipe_best2d_best3d_m2tokcat_m3tokcat_mmtokscale_odirect_T576_R5_C1/outputs/sacre_coeur/05309256_5316639921_qa_results.json,mmtokscale_T576_R5,spatial_view_visibility,Sacré-Cœur,True,False,False,False,both_wrong,sacre_coeur||objective||yes_no||spatial_view_visibility||is the joan of arc statue clearly visible in this image?||no
v18_tokpipe_best2d_best3d_m2tokcat_m3tokcat_mmtokscale_odirect_T576_R5_C1,sacre_coeur,05383315_4256744078,3,Answer with yes or no only. Is the bronze sculpture visible in this image?,Yes,Yes,yes,yes_no,objective,yes_no,True,True,,,,,,,/home/wangyz/project/0working/LangSplatV2/experiment_results/benchmark/v18_pipeline_ablation/results/v18_tokpipe_best2d_best3d_m2tokcat_m3tokcat_mmtokscale_odirect_T576_R5_C1/outputs/sacre_coeur/05383315_4256744078_qa_results.json,mmtokscale_T576_R5,spatial_view_visibility,Sacré-Cœur,True,False,True,True,both_correct,sacre_coeur||objective||yes_no||spatial_view_visibility||is the bronze sculpture visible in this image?||yes
v18_tokpipe_best2d_best3d_m2tokcat_m3tokcat_mmtokscale_odirect_T576_R5_C1,sacre_coeur,05383315_4256744078,4,Answer with yes or no only. Is the Joan of Arc statue visible in this image?,Yes,Yes,Yes,yes_no,objective,yes_no,True,True,,,,,,,/home/wangyz/project/0working/LangSplatV2/experiment_results/benchmark/v18_pipeline_ablation/results/v18_tokpipe_best2d_best3d_m2tokcat_m3tokcat_mmtokscale_odirect_T576_R5_C1/outputs/sacre_coeur/05383315_4256744078_qa_results.json,mmtokscale_T576_R5,spatial_view_visibility,Sacré-Cœur,True,False,True,True,both_correct,sacre_coeur||objective||yes_no||spatial_view_visibility||is the joan of arc statue visible in this image?||yes
v18_tokpipe_best2d_best3d_m2tokcat_m3tokcat_mmtokscale_odirect_T576_R5_C1,sacre_coeur,05383315_4256744078,5,Answer with yes or no only. Is the Saint Louis statue visible in this image?,Yes,Yes,Yes,yes_no,objective,yes_no,True,True,,,,,,,/home/wangyz/project/0working/LangSplatV2/experiment_results/benchmark/v18_pipeline_ablation/results/v18_tokpipe_best2d_best3d_m2tokcat_m3tokcat_mmtokscale_odirect_T576_R5_C1/outputs/sacre_coeur/05383315_4256744078_qa_results.json,mmtokscale_T576_R5,spatial_view_visibility,Sacré-Cœur,True,False,True,True,both_correct,sacre_coeur||objective||yes_no||spatial_view_visibility||is the saint louis statue visible in this image?||yes
v18_tokpipe_best2d_best3d_m2tokcat_m3tokcat_mmtokscale_odirect_T576_R5_C1,sacre_coeur,05383315_4256744078,10,Answer with yes or no only. Is the rose window clearly visible in this image?,Yes,No,Yes,yes_no,objective,yes_no,False,True,,,,,,,/home/wangyz/project/0working/LangSplatV2/experiment_results/benchmark/v18_pipeline_ablation/results/v18_tokpipe_best2d_best3d_m2tokcat_m3tokcat_mmtokscale_odirect_T576_R5_C1/outputs/sacre_coeur/05383315_4256744078_qa_results.json,mmtokscale_T576_R5,spatial_view_visibility,Sacré-Cœur,True,False,False,True,rgb_only_correct,sacre_coeur||objective||yes_no||spatial_view_visibility||is the rose window clearly visible in this image?||yes
v18_tokpipe_best2d_best3d_m2tokcat_m3tokcat_mmtokscale_odirect_T576_R5_C1,sacre_coeur,08233939_9136686088,3,Answer with yes or no only. Is the bronze sculpture visible in this image?,Yes,Yes,yes,yes_no,objective,yes_no,True,True,,,,,,,/home/wangyz/project/0working/LangSplatV2/experiment_results/benchmark/v18_pipeline_ablation/results/v18_tokpipe_best2d_best3d_m2tokcat_m3tokcat_mmtokscale_odirect_T576_R5_C1/outputs/sacre_coeur/08233939_9136686088_qa_results.json,mmtokscale_T576_R5,spatial_view_visibility,Sacré-Cœur,True,False,True,True,both_correct,sacre_coeur||objective||yes_no||spatial_view_visibility||is the bronze sculpture visible in this image?||yes
v18_tokpipe_best2d_best3d_m2tokcat_m3tokcat_mmtokscale_odirect_T576_R5_C1,sacre_coeur,08233939_9136686088,4,Answer with yes or no only. Is the Joan of Arc statue visible in this image?,Yes,Yes.,Yes,yes_no,objective,yes_no,True,True,,,,,,,/home/wangyz/project/0working/LangSplatV2/experiment_results/benchmark/v18_pipeline_ablation/results/v18_tokpipe_best2d_best3d_m2tokcat_m3tokcat_mmtokscale_odirect_T576_R5_C1/outputs/sacre_coeur/08233939_9136686088_qa_results.json,mmtokscale_T576_R5,spatial_view_visibility,Sacré-Cœur,True,False,True,True,both_correct,sacre_coeur||objective||yes_no||spatial_view_visibility||is the joan of arc statue visible in this image?||yes
v18_tokpipe_best2d_best3d_m2tokcat_m3tokcat_mmtokscale_odirect_T576_R5_C1,sacre_coeur,08233939_9136686088,5,Answer with yes or no only. Is the Saint Louis statue visible in this image?,Yes,Yes,Yes,yes_no,objective,yes_no,True,True,,,,,,,/home/wangyz/project/0working/LangSplatV2/experiment_results/benchmark/v18_pipeline_ablation/results/v18_tokpipe_best2d_best3d_m2tokcat_m3tokcat_mmtokscale_odirect_T576_R5_C1/outputs/sacre_coeur/08233939_9136686088_qa_results.json,mmtokscale_T576_R5,spatial_view_visibility,Sacré-Cœur,True,False,True,True,both_correct,sacre_coeur||objective||yes_no||spatial_view_visibility||is the saint louis statue visible in this image?||yes
v18_tokpipe_best2d_best3d_m2tokcat_m3tokcat_mmtokscale_odirect_T576_R5_C1,sacre_coeur,08233939_9136686088,9,Answer with yes or no only. Is the rose window clearly visible in this image?,Yes,Yes.,No,yes_no,objective,yes_no,True,False,,,,,,,/home/wangyz/project/0working/LangSplatV2/experiment_results/benchmark/v18_pipeline_ablation/results/v18_tokpipe_best2d_best3d_m2tokcat_m3tokcat_mmtokscale_odirect_T576_R5_C1/outputs/sacre_coeur/08233939_9136686088_qa_results.json,mmtokscale_T576_R5,spatial_view_visibility,Sacré-Cœur,True,False,True,False,ours_only_correct,sacre_coeur||objective||yes_no||spatial_view_visibility||is the rose window clearly visible in this image?||yes
v18_tokpipe_best2d_best3d_m2tokcat_m3tokcat_mmtokscale_odirect_T576_R5_C1,sacre_coeur,08749671_4698877746,3,Answer with yes or no only. Is the bronze sculpture visible in this image?,Yes,Yes,yes,yes_no,objective,yes_no,True,True,,,,,,,/home/wangyz/project/0working/LangSplatV2/experiment_results/benchmark/v18_pipeline_ablation/results/v18_tokpipe_best2d_best3d_m2tokcat_m3tokcat_mmtokscale_odirect_T576_R5_C1/outputs/sacre_coeur/08749671_4698877746_qa_results.json,mmtokscale_T576_R5,spatial_view_visibility,Sacré-Cœur,True,False,True,True,both_correct,sacre_coeur||objective||yes_no||spatial_view_visibility||is the bronze sculpture visible in this image?||yes
v18_tokpipe_best2d_best3d_m2tokcat_m3tokcat_mmtokscale_odirect_T576_R5_C1,sacre_coeur,08749671_4698877746,4,Answer with yes or no only. Is the Joan of Arc statue visible in this image?,Yes,Yes,Yes,yes_no,objective,yes_no,True,True,,,,,,,/home/wangyz/project/0working/LangSplatV2/experiment_results/benchmark/v18_pipeline_ablation/results/v18_tokpipe_best2d_best3d_m2tokcat_m3tokcat_mmtokscale_odirect_T576_R5_C1/outputs/sacre_coeur/08749671_4698877746_qa_results.json,mmtokscale_T576_R5,spatial_view_visibility,Sacré-Cœur,True,False,True,True,both_correct,sacre_coeur||objective||yes_no||spatial_view_visibility||is the joan of arc statue visible in this image?||yes
v18_tokpipe_best2d_best3d_m2tokcat_m3tokcat_mmtokscale_odirect_T576_R5_C1,sacre_coeur,08749671_4698877746,5,Answer with yes or no only. Is the Saint Louis statue visible in this image?,Yes,Yes,Yes,yes_no,objective,yes_no,True,True,,,,,,,/home/wangyz/project/0working/LangSplatV2/experiment_results/benchmark/v18_pipeline_ablation/results/v18_tokpipe_best2d_best3d_m2tokcat_m3tokcat_mmtokscale_odirect_T576_R5_C1/outputs/sacre_coeur/08749671_4698877746_qa_results.json,mmtokscale_T576_R5,spatial_view_visibility,Sacré-Cœur,True,False,True,True,both_correct,sacre_coeur||objective||yes_no||spatial_view_visibility||is the saint louis statue visible in this image?||yes
v18_tokpipe_best2d_best3d_m2tokcat_m3tokcat_mmtokscale_odirect_T576_R5_C1,sacre_coeur,08749671_4698877746,9,Answer with yes or no only. Are facade sculptures important visible elements in this scene?,Yes,Yes,Yes,yes_no,objective,yes_no,True,True,,,,,,,/home/wangyz/project/0working/LangSplatV2/experiment_results/benchmark/v18_pipeline_ablation/results/v18_tokpipe_best2d_best3d_m2tokcat_m3tokcat_mmtokscale_odirect_T576_R5_C1/outputs/sacre_coeur/08749671_4698877746_qa_results.json,mmtokscale_T576_R5,spatial_view_visibility,Sacré-Cœur,True,False,True,True,both_correct,sacre_coeur||objective||yes_no||spatial_view_visibility||are facade sculptures important visible elements in this scene?||yes
v18_tokpipe_best2d_best3d_m2tokcat_m3tokcat_mmtokscale_odirect_T576_R5_C1,sacre_coeur,08749671_4698877746,10,Answer with yes or no only. Is the rose window clearly visible in this image?,Yes,Yes.,Yes,yes_no,objective,yes_no,True,True,,,,,,,/home/wangyz/project/0working/LangSplatV2/experiment_results/benchmark/v18_pipeline_ablation/results/v18_tokpipe_best2d_best3d_m2tokcat_m3tokcat_mmtokscale_odirect_T576_R5_C1/outputs/sacre_coeur/08749671_4698877746_qa_results.json,mmtokscale_T576_R5,spatial_view_visibility,Sacré-Cœur,True,False,True,True,both_correct,sacre_coeur||objective||yes_no||spatial_view_visibility||is the rose window clearly visible in this image?||yes
v18_tokpipe_best2d_best3d_m2tokcat_m3tokcat_mmtokscale_odirect_T576_R5_C1,sacre_coeur,09360208_8329238994,3,Answer with yes or no only. Is the bronze sculpture visible in this image?,Yes,Yes,yes,yes_no,objective,yes_no,True,True,,,,,,,/home/wangyz/project/0working/LangSplatV2/experiment_results/benchmark/v18_pipeline_ablation/results/v18_tokpipe_best2d_best3d_m2tokcat_m3tokcat_mmtokscale_odirect_T576_R5_C1/outputs/sacre_coeur/09360208_8329238994_qa_results.json,mmtokscale_T576_R5,spatial_view_visibility,Sacré-Cœur,True,False,True,True,both_correct,sacre_coeur||objective||yes_no||spatial_view_visibility||is the bronze sculpture visible in this image?||yes
v18_tokpipe_best2d_best3d_m2tokcat_m3tokcat_mmtokscale_odirect_T576_R5_C1,sacre_coeur,09360208_8329238994,4,Answer with yes or no only. Is the Joan of Arc statue visible in this image?,Yes,Yes,Yes,yes_no,objective,yes_no,True,True,,,,,,,/home/wangyz/project/0working/LangSplatV2/experiment_results/benchmark/v18_pipeline_ablation/results/v18_tokpipe_best2d_best3d_m2tokcat_m3tokcat_mmtokscale_odirect_T576_R5_C1/outputs/sacre_coeur/09360208_8329238994_qa_results.json,mmtokscale_T576_R5,spatial_view_visibility,Sacré-Cœur,True,False,True,True,both_correct,sacre_coeur||objective||yes_no||spatial_view_visibility||is the joan of arc statue visible in this image?||yes
v18_tokpipe_best2d_best3d_m2tokcat_m3tokcat_mmtokscale_odirect_T576_R5_C1,sacre_coeur,09360208_8329238994,5,Answer with yes or no only. Is the Saint Louis statue visible in this image?,Yes,Yes,Yes,yes_no,objective,yes_no,True,True,,,,,,,/home/wangyz/project/0working/LangSplatV2/experiment_results/benchmark/v18_pipeline_ablation/results/v18_tokpipe_best2d_best3d_m2tokcat_m3tokcat_mmtokscale_odirect_T576_R5_C1/outputs/sacre_coeur/09360208_8329238994_qa_results.json,mmtokscale_T576_R5,spatial_view_visibility,Sacré-Cœur,True,False,True,True,both_correct,sacre_coeur||objective||yes_no||spatial_view_visibility||is the saint louis statue visible in this image?||yes
v18_tokpipe_best2d_best3d_m2tokcat_m3tokcat_mmtokscale_odirect_T576_R5_C1,sacre_coeur,09360208_8329238994,11,Answer with yes or no only. Is the rose window clearly visible in this image?,Yes,Yes,Yes,yes_no,objective,yes_no,True,True,,,,,,,/home/wangyz/project/0working/LangSplatV2/experiment_results/benchmark/v18_pipeline_ablation/results/v18_tokpipe_best2d_best3d_m2tokcat_m3tokcat_mmtokscale_odirect_T576_R5_C1/outputs/sacre_coeur/09360208_8329238994_qa_results.json,mmtokscale_T576_R5,spatial_view_visibility,Sacré-Cœur,True,False,True,True,both_correct,sacre_coeur||objective||yes_no||spatial_view_visibility||is the rose window clearly visible in this image?||yes
v18_tokpipe_best2d_best3d_m2tokcat_m3tokcat_mmtokscale_odirect_T576_R5_C1,sacre_coeur,10169127_5408342646,3,Answer with yes or no only. Is the bronze sculpture visible in this image?,Yes,Yes,yes,yes_no,objective,yes_no,True,True,,,,,,,/home/wangyz/project/0working/LangSplatV2/experiment_results/benchmark/v18_pipeline_ablation/results/v18_tokpipe_best2d_best3d_m2tokcat_m3tokcat_mmtokscale_odirect_T576_R5_C1/outputs/sacre_coeur/10169127_5408342646_qa_results.json,mmtokscale_T576_R5,spatial_view_visibility,Sacré-Cœur,True,False,True,True,both_correct,sacre_coeur||objective||yes_no||spatial_view_visibility||is the bronze sculpture visible in this image?||yes
v18_tokpipe_best2d_best3d_m2tokcat_m3tokcat_mmtokscale_odirect_T576_R5_C1,sacre_coeur,10169127_5408342646,4,Answer with yes or no only. Is the Joan of Arc statue visible in this image?,No,Yes,Yes,yes_no,objective,yes_no,False,False,,,,,,,/home/wangyz/project/0working/LangSplatV2/experiment_results/benchmark/v18_pipeline_ablation/results/v18_tokpipe_best2d_best3d_m2tokcat_m3tokcat_mmtokscale_odirect_T576_R5_C1/outputs/sacre_coeur/10169127_5408342646_qa_results.json,mmtokscale_T576_R5,spatial_view_visibility,Sacré-Cœur,True,False,False,False,both_wrong,sacre_coeur||objective||yes_no||spatial_view_visibility||is the joan of arc statue visible in this image?||no
v18_tokpipe_best2d_best3d_m2tokcat_m3tokcat_mmtokscale_odirect_T576_R5_C1,sacre_coeur,10169127_5408342646,5,Answer with yes or no only. Is the Saint Louis statue visible in this image?,No,Yes,Yes,yes_no,objective,yes_no,False,False,,,,,,,/home/wangyz/project/0working/LangSplatV2/experiment_results/benchmark/v18_pipeline_ablation/results/v18_tokpipe_best2d_best3d_m2tokcat_m3tokcat_mmtokscale_odirect_T576_R5_C1/outputs/sacre_coeur/10169127_5408342646_qa_results.json,mmtokscale_T576_R5,spatial_view_visibility,Sacré-Cœur,True,False,False,False,both_wrong,sacre_coeur||objective||yes_no||spatial_view_visibility||is the saint louis statue visible in this image?||no
v18_tokpipe_best2d_best3d_m2tokcat_m3tokcat_mmtokscale_odirect_T576_R5_C1,sacre_coeur,10169127_5408342646,8,Answer with yes or no only. Is the rose window clearly visible in this image?,No,No,No,yes_no,objective,yes_no,True,True,,,,,,,/home/wangyz/project/0working/LangSplatV2/experiment_results/benchmark/v18_pipeline_ablation/results/v18_tokpipe_best2d_best3d_m2tokcat_m3tokcat_mmtokscale_odirect_T576_R5_C1/outputs/sacre_coeur/10169127_5408342646_qa_results.json,mmtokscale_T576_R5,spatial_view_visibility,Sacré-Cœur,True,False,True,True,both_correct,sacre_coeur||objective||yes_no||spatial_view_visibility||is the rose window clearly visible in this image?||no
v18_tokpipe_best2d_best3d_m2tokcat_m3tokcat_mmtokscale_odirect_T576_R5_C1,taj_mahal,63632100_138039965,5,Answer with a number only. How many distinct onion dome components are visible?,2,3,3,number,objective,number,False,False,,,,,,,/home/wangyz/project/0working/LangSplatV2/experiment_results/benchmark/v18_pipeline_ablation/results/v18_tokpipe_best2d_best3d_m2tokcat_m3tokcat_mmtokscale_odirect_T576_R5_C1/outputs/taj_mahal/63632100_138039965_qa_results.json,mmtokscale_T576_R5,count_numeric,Taj Mahal,True,False,False,False,both_wrong,taj_mahal||objective||number||count_numeric||how many distinct onion dome components are visible?||2
v18_tokpipe_best2d_best3d_m2tokcat_m3tokcat_mmtokscale_odirect_T576_R5_C1,taj_mahal,63632100_138039965,15,Answer with a number only. How many minarets are visible around the main mausoleum in this image?,2,4,3,number,objective,number,False,False,,,,,,,/home/wangyz/project/0working/LangSplatV2/experiment_results/benchmark/v18_pipeline_ablation/results/v18_tokpipe_best2d_best3d_m2tokcat_m3tokcat_mmtokscale_odirect_T576_R5_C1/outputs/taj_mahal/63632100_138039965_qa_results.json,mmtokscale_T576_R5,count_numeric,Taj Mahal,True,False,False,False,both_wrong,taj_mahal||objective||number||count_numeric||how many minarets are visible around the main mausoleum in this image?||2
v18_tokpipe_best2d_best3d_m2tokcat_m3tokcat_mmtokscale_odirect_T576_R5_C1,taj_mahal,64926764_7571842484,5,Answer with a number only. How many distinct onion dome components are visible?,3,3,3,number,objective,number,True,True,,,,,,,/home/wangyz/project/0working/LangSplatV2/experiment_results/benchmark/v18_pipeline_ablation/results/v18_tokpipe_best2d_best3d_m2tokcat_m3tokcat_mmtokscale_odirect_T576_R5_C1/outputs/taj_mahal/64926764_7571842484_qa_results.json,mmtokscale_T576_R5,count_numeric,Taj Mahal,True,False,True,True,both_correct,taj_mahal||objective||number||count_numeric||how many distinct onion dome components are visible?||3
v18_tokpipe_best2d_best3d_m2tokcat_m3tokcat_mmtokscale_odirect_T576_R5_C1,taj_mahal,64926764_7571842484,6,Answer with the option letter only. Which visible component is higher in the image? A. onion dome B. arch-shaped doorways,A,A,A,multiple_choice,objective,multiple_choice,True,True,,,,,,,/home/wangyz/project/0working/LangSplatV2/experiment_results/benchmark/v18_pipeline_ablation/results/v18_tokpipe_best2d_best3d_m2tokcat_m3tokcat_mmtokscale_odirect_T576_R5_C1/outputs/taj_mahal/64926764_7571842484_qa_results.json,mmtokscale_T576_R5,component_presence,Taj Mahal,True,False,True,True,both_correct,taj_mahal||objective||multiple_choice||component_presence||which visible component is higher in the image? a. onion dome b. arch-shaped doorways||a
v18_tokpipe_best2d_best3d_m2tokcat_m3tokcat_mmtokscale_odirect_T576_R5_C1,taj_mahal,64926764_7571842484,14,Answer with a number only. How many minarets are visible around the main mausoleum in this image?,0,4,4,number,objective,number,False,False,,,,,,,/home/wangyz/project/0working/LangSplatV2/experiment_results/benchmark/v18_pipeline_ablation/results/v18_tokpipe_best2d_best3d_m2tokcat_m3tokcat_mmtokscale_odirect_T576_R5_C1/outputs/taj_mahal/64926764_7571842484_qa_results.json,mmtokscale_T576_R5,count_numeric,Taj Mahal,True,False,False,False,both_wrong,taj_mahal||objective||number||count_numeric||how many minarets are visible around the main mausoleum in this image?||0
v18_tokpipe_best2d_best3d_m2tokcat_m3tokcat_mmtokscale_odirect_T576_R5_C1,taj_mahal,76552970_5828212829,5,Answer with a number only. How many distinct onion dome components are visible?,3,3,4,number,objective,number,True,False,,,,,,,/home/wangyz/project/0working/LangSplatV2/experiment_results/benchmark/v18_pipeline_ablation/results/v18_tokpipe_best2d_best3d_m2tokcat_m3tokcat_mmtokscale_odirect_T576_R5_C1/outputs/taj_mahal/76552970_5828212829_qa_results.json,mmtokscale_T576_R5,count_numeric,Taj Mahal,True,False,True,False,ours_only_correct,taj_mahal||objective||number||count_numeric||how many distinct onion dome components are visible?||3
v18_tokpipe_best2d_best3d_m2tokcat_m3tokcat_mmtokscale_odirect_T576_R5_C1,taj_mahal,76552970_5828212829,6,Answer with the option letter only. Which visible component is higher in the image? A. onion dome B. arch-shaped doorways,A,A,A,multiple_choice,objective,multiple_choice,True,True,,,,,,,/home/wangyz/project/0working/LangSplatV2/experiment_results/benchmark/v18_pipeline_ablation/results/v18_tokpipe_best2d_best3d_m2tokcat_m3tokcat_mmtokscale_odirect_T576_R5_C1/outputs/taj_mahal/76552970_5828212829_qa_results.json,mmtokscale_T576_R5,component_presence,Taj Mahal,True,False,True,True,both_correct,taj_mahal||objective||multiple_choice||component_presence||which visible component is higher in the image? a. onion dome b. arch-shaped doorways||a
v18_tokpipe_best2d_best3d_m2tokcat_m3tokcat_mmtokscale_odirect_T576_R5_C1,taj_mahal,76552970_5828212829,15,Answer with a number only. How many minarets are visible around the main mausoleum in this image?,2,4,3,number,objective,number,False,False,,,,,,,/home/wangyz/project/0working/LangSplatV2/experiment_results/benchmark/v18_pipeline_ablation/results/v18_tokpipe_best2d_best3d_m2tokcat_m3tokcat_mmtokscale_odirect_T576_R5_C1/outputs/taj_mahal/76552970_5828212829_qa_results.json,mmtokscale_T576_R5,count_numeric,Taj Mahal,True,False,False,False,both_wrong,taj_mahal||objective||number||count_numeric||how many minarets are visible around the main mausoleum in this image?||2
v18_tokpipe_best2d_best3d_m2tokcat_m3tokcat_mmtokscale_odirect_T576_R5_C1,taj_mahal,82684032_8832070118,5,Answer with a number only. How many distinct onion dome components are visible?,3,3,4,number,objective,number,True,False,,,,,,,/home/wangyz/project/0working/LangSplatV2/experiment_results/benchmark/v18_pipeline_ablation/results/v18_tokpipe_best2d_best3d_m2tokcat_m3tokcat_mmtokscale_odirect_T576_R5_C1/outputs/taj_mahal/82684032_8832070118_qa_results.json,mmtokscale_T576_R5,count_numeric,Taj Mahal,True,False,True,False,ours_only_correct,taj_mahal||objective||number||count_numeric||how many distinct onion dome components are visible?||3
v18_tokpipe_best2d_best3d_m2tokcat_m3tokcat_mmtokscale_odirect_T576_R5_C1,taj_mahal,82684032_8832070118,6,Answer with the option letter only. Which visible component is higher in the image? A. onion dome B. arch-shaped doorways,A,A,A,multiple_choice,objective,multiple_choice,True,True,,,,,,,/home/wangyz/project/0working/LangSplatV2/experiment_results/benchmark/v18_pipeline_ablation/results/v18_tokpipe_best2d_best3d_m2tokcat_m3tokcat_mmtokscale_odirect_T576_R5_C1/outputs/taj_mahal/82684032_8832070118_qa_results.json,mmtokscale_T576_R5,component_presence,Taj Mahal,True,False,True,True,both_correct,taj_mahal||objective||multiple_choice||component_presence||which visible component is higher in the image? a. onion dome b. arch-shaped doorways||a
v18_tokpipe_best2d_best3d_m2tokcat_m3tokcat_mmtokscale_odirect_T576_R5_C1,taj_mahal,82684032_8832070118,15,Answer with a number only. How many minarets are visible around the main mausoleum in this image?,2,4,4,number,objective,number,False,False,,,,,,,/home/wangyz/project/0working/LangSplatV2/experiment_results/benchmark/v18_pipeline_ablation/results/v18_tokpipe_best2d_best3d_m2tokcat_m3tokcat_mmtokscale_odirect_T576_R5_C1/outputs/taj_mahal/82684032_8832070118_qa_results.json,mmtokscale_T576_R5,count_numeric,Taj Mahal,True,False,False,False,both_wrong,taj_mahal||objective||number||count_numeric||how many minarets are visible around the main mausoleum in this image?||2
v18_tokpipe_best2d_best3d_m2tokcat_m3tokcat_mmtokscale_odirect_T576_R5_C1,taj_mahal,87289442_10703910236,5,Answer with the option letter only. Which visible component is higher in the image? A. onion dome B. arch-shaped doorways,A,A,A,multiple_choice,objective,multiple_choice,True,True,,,,,,,/home/wangyz/project/0working/LangSplatV2/experiment_results/benchmark/v18_pipeline_ablation/results/v18_tokpipe_best2d_best3d_m2tokcat_m3tokcat_mmtokscale_odirect_T576_R5_C1/outputs/taj_mahal/87289442_10703910236_qa_results.json,mmtokscale_T576_R5,component_presence,Taj Mahal,True,False,True,True,both_correct,taj_mahal||objective||multiple_choice||component_presence||which visible component is higher in the image? a. onion dome b. arch-shaped doorways||a
v18_tokpipe_best2d_best3d_m2tokcat_m3tokcat_mmtokscale_odirect_T576_R5_C1,taj_mahal,87289442_10703910236,13,Answer with a number only. How many minarets are visible around the main mausoleum in this image?,4,4,8,number,objective,number,True,False,,,,,,,/home/wangyz/project/0working/LangSplatV2/experiment_results/benchmark/v18_pipeline_ablation/results/v18_tokpipe_best2d_best3d_m2tokcat_m3tokcat_mmtokscale_odirect_T576_R5_C1/outputs/taj_mahal/87289442_10703910236_qa_results.json,mmtokscale_T576_R5,count_numeric,Taj Mahal,True,False,True,False,ours_only_correct,taj_mahal||objective||number||count_numeric||how many minarets are visible around the main mausoleum in this image?||4
v18_tokpipe_best2d_best3d_m2tokcat_m3tokcat_mmtokscale_odirect_T576_R5_C1,taj_mahal,87627077_12224030726,5,Answer with the option letter only. Which visible component is higher in the image? A. onion dome B. arch-shaped doorways,A,A,A,multiple_choice,objective,multiple_choice,True,True,,,,,,,/home/wangyz/project/0working/LangSplatV2/experiment_results/benchmark/v18_pipeline_ablation/results/v18_tokpipe_best2d_best3d_m2tokcat_m3tokcat_mmtokscale_odirect_T576_R5_C1/outputs/taj_mahal/87627077_12224030726_qa_results.json,mmtokscale_T576_R5,component_presence,Taj Mahal,True,False,True,True,both_correct,taj_mahal||objective||multiple_choice||component_presence||which visible component is higher in the image? a. onion dome b. arch-shaped doorways||a
v18_tokpipe_best2d_best3d_m2tokcat_m3tokcat_mmtokscale_odirect_T576_R5_C1,taj_mahal,87627077_12224030726,14,Answer with a number only. How many minarets are visible around the main mausoleum in this image?,2,4,4,number,objective,number,False,False,,,,,,,/home/wangyz/project/0working/LangSplatV2/experiment_results/benchmark/v18_pipeline_ablation/results/v18_tokpipe_best2d_best3d_m2tokcat_m3tokcat_mmtokscale_odirect_T576_R5_C1/outputs/taj_mahal/87627077_12224030726_qa_results.json,mmtokscale_T576_R5,count_numeric,Taj Mahal,True,False,False,False,both_wrong,taj_mahal||objective||number||count_numeric||how many minarets are visible around the main mausoleum in this image?||2
v18_tokpipe_best2d_best3d_m2tokcat_m3tokcat_mmtokscale_odirect_T576_R5_C1,taj_mahal,90529328_7010569621,5,Answer with the option letter only. Which visible component is higher in the image? A. onion dome B. arch-shaped doorways,A,A,A,multiple_choice,objective,multiple_choice,True,True,,,,,,,/home/wangyz/project/0working/LangSplatV2/experiment_results/benchmark/v18_pipeline_ablation/results/v18_tokpipe_best2d_best3d_m2tokcat_m3tokcat_mmtokscale_odirect_T576_R5_C1/outputs/taj_mahal/90529328_7010569621_qa_results.json,mmtokscale_T576_R5,component_presence,Taj Mahal,True,False,True,True,both_correct,taj_mahal||objective||multiple_choice||component_presence||which visible component is higher in the image? a. onion dome b. arch-shaped doorways||a
v18_tokpipe_best2d_best3d_m2tokcat_m3tokcat_mmtokscale_odirect_T576_R5_C1,taj_mahal,90529328_7010569621,14,Answer with a number only. How many minarets are visible around the main mausoleum in this image?,4,4,4,number,objective,number,True,True,,,,,,,/home/wangyz/project/0working/LangSplatV2/experiment_results/benchmark/v18_pipeline_ablation/results/v18_tokpipe_best2d_best3d_m2tokcat_m3tokcat_mmtokscale_odirect_T576_R5_C1/outputs/taj_mahal/90529328_7010569621_qa_results.json,mmtokscale_T576_R5,count_numeric,Taj Mahal,True,False,True,True,both_correct,taj_mahal||objective||number||count_numeric||how many minarets are visible around the main mausoleum in this image?||4
v18_tokpipe_best2d_best3d_m2tokcat_m3tokcat_mmtokscale_odirect_T576_R5_C1,taj_mahal,92685594_617024629,5,Answer with a number only. How many distinct onion dome components are visible?,3,3,4,number,objective,number,True,False,,,,,,,/home/wangyz/project/0working/LangSplatV2/experiment_results/benchmark/v18_pipeline_ablation/results/v18_tokpipe_best2d_best3d_m2tokcat_m3tokcat_mmtokscale_odirect_T576_R5_C1/outputs/taj_mahal/92685594_617024629_qa_results.json,mmtokscale_T576_R5,count_numeric,Taj Mahal,True,False,True,False,ours_only_correct,taj_mahal||objective||number||count_numeric||how many distinct onion dome components are visible?||3
v18_tokpipe_best2d_best3d_m2tokcat_m3tokcat_mmtokscale_odirect_T576_R5_C1,taj_mahal,92685594_617024629,6,Answer with the option letter only. Which visible component is higher in the image? A. onion dome B. arch-shaped doorways,A,A,A,multiple_choice,objective,multiple_choice,True,True,,,,,,,/home/wangyz/project/0working/LangSplatV2/experiment_results/benchmark/v18_pipeline_ablation/results/v18_tokpipe_best2d_best3d_m2tokcat_m3tokcat_mmtokscale_odirect_T576_R5_C1/outputs/taj_mahal/92685594_617024629_qa_results.json,mmtokscale_T576_R5,component_presence,Taj Mahal,True,False,True,True,both_correct,taj_mahal||objective||multiple_choice||component_presence||which visible component is higher in the image? a. onion dome b. arch-shaped doorways||a
v18_tokpipe_best2d_best3d_m2tokcat_m3tokcat_mmtokscale_odirect_T576_R5_C1,taj_mahal,92685594_617024629,13,Answer with a number only. How many separate onion dome instances are visible?,3,3,3,number,objective,number,True,True,,,,,,,/home/wangyz/project/0working/LangSplatV2/experiment_results/benchmark/v18_pipeline_ablation/results/v18_tokpipe_best2d_best3d_m2tokcat_m3tokcat_mmtokscale_odirect_T576_R5_C1/outputs/taj_mahal/92685594_617024629_qa_results.json,mmtokscale_T576_R5,count_numeric,Taj Mahal,True,False,True,True,both_correct,taj_mahal||objective||number||count_numeric||how many separate onion dome instances are visible?||3
v18_tokpipe_best2d_best3d_m2tokcat_m3tokcat_mmtokscale_odirect_T576_R5_C1,taj_mahal,92685594_617024629,15,Answer with a number only. How many minarets are visible around the main mausoleum in this image?,0,4,4,number,objective,number,False,False,,,,,,,/home/wangyz/project/0working/LangSplatV2/experiment_results/benchmark/v18_pipeline_ablation/results/v18_tokpipe_best2d_best3d_m2tokcat_m3tokcat_mmtokscale_odirect_T576_R5_C1/outputs/taj_mahal/92685594_617024629_qa_results.json,mmtokscale_T576_R5,count_numeric,Taj Mahal,True,False,False,False,both_wrong,taj_mahal||objective||number||count_numeric||how many minarets are visible around the main mausoleum in this image?||0
v18_tokpipe_best2d_best3d_m2tokcat_m3tokcat_mmtokscale_odirect_T576_R5_C1,taj_mahal,98558191_5043992077,5,Answer with a number only. How many distinct onion dome components are visible?,3,3,3,number,objective,number,True,True,,,,,,,/home/wangyz/project/0working/LangSplatV2/experiment_results/benchmark/v18_pipeline_ablation/results/v18_tokpipe_best2d_best3d_m2tokcat_m3tokcat_mmtokscale_odirect_T576_R5_C1/outputs/taj_mahal/98558191_5043992077_qa_results.json,mmtokscale_T576_R5,count_numeric,Taj Mahal,True,False,True,True,both_correct,taj_mahal||objective||number||count_numeric||how many distinct onion dome components are visible?||3
v18_tokpipe_best2d_best3d_m2tokcat_m3tokcat_mmtokscale_odirect_T576_R5_C1,taj_mahal,98558191_5043992077,14,Answer with a number only. How many separate onion dome instances are visible?,1,3,3,number,objective,number,False,False,,,,,,,/home/wangyz/project/0working/LangSplatV2/experiment_results/benchmark/v18_pipeline_ablation/results/v18_tokpipe_best2d_best3d_m2tokcat_m3tokcat_mmtokscale_odirect_T576_R5_C1/outputs/taj_mahal/98558191_5043992077_qa_results.json,mmtokscale_T576_R5,count_numeric,Taj Mahal,True,False,False,False,both_wrong,taj_mahal||objective||number||count_numeric||how many separate onion dome instances are visible?||1
v18_tokpipe_best2d_best3d_m2tokcat_m3tokcat_mmtokscale_odirect_T576_R5_C1,taj_mahal,98819558_7327013692,5,Answer with a number only. How many distinct onion dome components are visible?,3,3,4,number,objective,number,True,False,,,,,,,/home/wangyz/project/0working/LangSplatV2/experiment_results/benchmark/v18_pipeline_ablation/results/v18_tokpipe_best2d_best3d_m2tokcat_m3tokcat_mmtokscale_odirect_T576_R5_C1/outputs/taj_mahal/98819558_7327013692_qa_results.json,mmtokscale_T576_R5,count_numeric,Taj Mahal,True,False,True,False,ours_only_correct,taj_mahal||objective||number||count_numeric||how many distinct onion dome components are visible?||3
v18_tokpipe_best2d_best3d_m2tokcat_m3tokcat_mmtokscale_odirect_T576_R5_C1,taj_mahal,98819558_7327013692,15,Answer with a number only. How many minarets are visible around the main mausoleum in this image?,0,4,4,number,objective,number,False,False,,,,,,,/home/wangyz/project/0working/LangSplatV2/experiment_results/benchmark/v18_pipeline_ablation/results/v18_tokpipe_best2d_best3d_m2tokcat_m3tokcat_mmtokscale_odirect_T576_R5_C1/outputs/taj_mahal/98819558_7327013692_qa_results.json,mmtokscale_T576_R5,count_numeric,Taj Mahal,True,False,False,False,both_wrong,taj_mahal||objective||number||count_numeric||how many minarets are visible around the main mausoleum in this image?||0
v18_tokpipe_best2d_best3d_m2tokcat_m3tokcat_mmtokscale_odirect_T576_R5_C1,trevi_fountain,00234320_6263685886,3,Answer with yes or no only. Is the column visible in this image?,Yes,Yes,yes,yes_no,objective,yes_no,True,True,,,,,,,/home/wangyz/project/0working/LangSplatV2/experiment_results/benchmark/v18_pipeline_ablation/results/v18_tokpipe_best2d_best3d_m2tokcat_m3tokcat_mmtokscale_odirect_T576_R5_C1/outputs/trevi_fountain/00234320_6263685886_qa_results.json,mmtokscale_T576_R5,spatial_view_visibility,Trevi Fountain,True,False,True,True,both_correct,trevi_fountain||objective||yes_no||spatial_view_visibility||is the column visible in this image?||yes
v18_tokpipe_best2d_best3d_m2tokcat_m3tokcat_mmtokscale_odirect_T576_R5_C1,trevi_fountain,00234320_6263685886,4,Answer with yes or no only. Is the Oceanus visible in this image?,Yes,Yes.,Yes,yes_no,objective,yes_no,True,True,,,,,,,/home/wangyz/project/0working/LangSplatV2/experiment_results/benchmark/v18_pipeline_ablation/results/v18_tokpipe_best2d_best3d_m2tokcat_m3tokcat_mmtokscale_odirect_T576_R5_C1/outputs/trevi_fountain/00234320_6263685886_qa_results.json,mmtokscale_T576_R5,spatial_view_visibility,Trevi Fountain,True,False,True,True,both_correct,trevi_fountain||objective||yes_no||spatial_view_visibility||is the oceanus visible in this image?||yes
v18_tokpipe_best2d_best3d_m2tokcat_m3tokcat_mmtokscale_odirect_T576_R5_C1,trevi_fountain,00234320_6263685886,5,Answer with yes or no only. Are the winged horses visible in this image?,Yes,Yes.,Yes,yes_no,objective,yes_no,True,True,,,,,,,/home/wangyz/project/0working/LangSplatV2/experiment_results/benchmark/v18_pipeline_ablation/results/v18_tokpipe_best2d_best3d_m2tokcat_m3tokcat_mmtokscale_odirect_T576_R5_C1/outputs/trevi_fountain/00234320_6263685886_qa_results.json,mmtokscale_T576_R5,spatial_view_visibility,Trevi Fountain,True,False,True,True,both_correct,trevi_fountain||objective||yes_no||spatial_view_visibility||are the winged horses visible in this image?||yes
v18_tokpipe_best2d_best3d_m2tokcat_m3tokcat_mmtokscale_odirect_T576_R5_C1,trevi_fountain,00234320_6263685886,10,Answer with yes or no only. Is the papal coat of arms clearly visible in this image?,Yes,Yes.,Yes,yes_no,objective,yes_no,True,True,,,,,,,/home/wangyz/project/0working/LangSplatV2/experiment_results/benchmark/v18_pipeline_ablation/results/v18_tokpipe_best2d_best3d_m2tokcat_m3tokcat_mmtokscale_odirect_T576_R5_C1/outputs/trevi_fountain/00234320_6263685886_qa_results.json,mmtokscale_T576_R5,spatial_view_visibility,Trevi Fountain,True,False,True,True,both_correct,trevi_fountain||objective||yes_no||spatial_view_visibility||is the papal coat of arms clearly visible in this image?||yes
v18_tokpipe_best2d_best3d_m2tokcat_m3tokcat_mmtokscale_odirect_T576_R5_C1,trevi_fountain,00358444_4165248133,3,Answer with yes or no only. Is the column visible in this image?,Yes,Yes,yes,yes_no,objective,yes_no,True,True,,,,,,,/home/wangyz/project/0working/LangSplatV2/experiment_results/benchmark/v18_pipeline_ablation/results/v18_tokpipe_best2d_best3d_m2tokcat_m3tokcat_mmtokscale_odirect_T576_R5_C1/outputs/trevi_fountain/00358444_4165248133_qa_results.json,mmtokscale_T576_R5,spatial_view_visibility,Trevi Fountain,True,False,True,True,both_correct,trevi_fountain||objective||yes_no||spatial_view_visibility||is the column visible in this image?||yes
v18_tokpipe_best2d_best3d_m2tokcat_m3tokcat_mmtokscale_odirect_T576_R5_C1,trevi_fountain,00358444_4165248133,4,Answer with yes or no only. Is the Oceanus visible in this image?,Yes,Yes.,Yes,yes_no,objective,yes_no,True,True,,,,,,,/home/wangyz/project/0working/LangSplatV2/experiment_results/benchmark/v18_pipeline_ablation/results/v18_tokpipe_best2d_best3d_m2tokcat_m3tokcat_mmtokscale_odirect_T576_R5_C1/outputs/trevi_fountain/00358444_4165248133_qa_results.json,mmtokscale_T576_R5,spatial_view_visibility,Trevi Fountain,True,False,True,True,both_correct,trevi_fountain||objective||yes_no||spatial_view_visibility||is the oceanus visible in this image?||yes
v18_tokpipe_best2d_best3d_m2tokcat_m3tokcat_mmtokscale_odirect_T576_R5_C1,trevi_fountain,00358444_4165248133,5,Answer with yes or no only. Are the winged horses visible in this image?,Yes,Yes.,No,yes_no,objective,yes_no,True,False,,,,,,,/home/wangyz/project/0working/LangSplatV2/experiment_results/benchmark/v18_pipeline_ablation/results/v18_tokpipe_best2d_best3d_m2tokcat_m3tokcat_mmtokscale_odirect_T576_R5_C1/outputs/trevi_fountain/00358444_4165248133_qa_results.json,mmtokscale_T576_R5,spatial_view_visibility,Trevi Fountain,True,False,True,False,ours_only_correct,trevi_fountain||objective||yes_no||spatial_view_visibility||are the winged horses visible in this image?||yes
v18_tokpipe_best2d_best3d_m2tokcat_m3tokcat_mmtokscale_odirect_T576_R5_C1,trevi_fountain,00358444_4165248133,10,Answer with yes or no only. Are sculpture combined in the visible landmark?,Yes,Yes,yes,yes_no,objective,yes_no,True,True,,,,,,,/home/wangyz/project/0working/LangSplatV2/experiment_results/benchmark/v18_pipeline_ablation/results/v18_tokpipe_best2d_best3d_m2tokcat_m3tokcat_mmtokscale_odirect_T576_R5_C1/outputs/trevi_fountain/00358444_4165248133_qa_results.json,mmtokscale_T576_R5,spatial_view_visibility,Trevi Fountain,True,False,True,True,both_correct,trevi_fountain||objective||yes_no||spatial_view_visibility||are sculpture combined in the visible landmark?||yes
v18_tokpipe_best2d_best3d_m2tokcat_m3tokcat_mmtokscale_odirect_T576_R5_C1,trevi_fountain,00358444_4165248133,11,Answer with yes or no only. Is the papal coat of arms clearly visible in this image?,Yes,Yes.,Yes,yes_no,objective,yes_no,True,True,,,,,,,/home/wangyz/project/0working/LangSplatV2/experiment_results/benchmark/v18_pipeline_ablation/results/v18_tokpipe_best2d_best3d_m2tokcat_m3tokcat_mmtokscale_odirect_T576_R5_C1/outputs/trevi_fountain/00358444_4165248133_qa_results.json,mmtokscale_T576_R5,spatial_view_visibility,Trevi Fountain,True,False,True,True,both_correct,trevi_fountain||objective||yes_no||spatial_view_visibility||is the papal coat of arms clearly visible in this image?||yes
v18_tokpipe_best2d_best3d_m2tokcat_m3tokcat_mmtokscale_odirect_T576_R5_C1,trevi_fountain,00644051_242819650,2,Answer with yes or no only. Is the column visible in this image?,Yes,Yes,yes,yes_no,objective,yes_no,True,True,,,,,,,/home/wangyz/project/0working/LangSplatV2/experiment_results/benchmark/v18_pipeline_ablation/results/v18_tokpipe_best2d_best3d_m2tokcat_m3tokcat_mmtokscale_odirect_T576_R5_C1/outputs/trevi_fountain/00644051_242819650_qa_results.json,mmtokscale_T576_R5,spatial_view_visibility,Trevi Fountain,True,False,True,True,both_correct,trevi_fountain||objective||yes_no||spatial_view_visibility||is the column visible in this image?||yes
v18_tokpipe_best2d_best3d_m2tokcat_m3tokcat_mmtokscale_odirect_T576_R5_C1,trevi_fountain,00644051_242819650,3,Answer with yes or no only. Is the Oceanus visible in this image?,Yes,Yes.,Yes,yes_no,objective,yes_no,True,True,,,,,,,/home/wangyz/project/0working/LangSplatV2/experiment_results/benchmark/v18_pipeline_ablation/results/v18_tokpipe_best2d_best3d_m2tokcat_m3tokcat_mmtokscale_odirect_T576_R5_C1/outputs/trevi_fountain/00644051_242819650_qa_results.json,mmtokscale_T576_R5,spatial_view_visibility,Trevi Fountain,True,False,True,True,both_correct,trevi_fountain||objective||yes_no||spatial_view_visibility||is the oceanus visible in this image?||yes
v18_tokpipe_best2d_best3d_m2tokcat_m3tokcat_mmtokscale_odirect_T576_R5_C1,trevi_fountain,00644051_242819650,4,Answer with yes or no only. Are the winged horses visible in this image?,Yes,Yes.,No,yes_no,objective,yes_no,True,False,,,,,,,/home/wangyz/project/0working/LangSplatV2/experiment_results/benchmark/v18_pipeline_ablation/results/v18_tokpipe_best2d_best3d_m2tokcat_m3tokcat_mmtokscale_odirect_T576_R5_C1/outputs/trevi_fountain/00644051_242819650_qa_results.json,mmtokscale_T576_R5,spatial_view_visibility,Trevi Fountain,True,False,True,False,ours_only_correct,trevi_fountain||objective||yes_no||spatial_view_visibility||are the winged horses visible in this image?||yes
v18_tokpipe_best2d_best3d_m2tokcat_m3tokcat_mmtokscale_odirect_T576_R5_C1,trevi_fountain,00644051_242819650,10,Answer with yes or no only. Are sculpture combined in the visible landmark?,Yes,Yes,yes,yes_no,objective,yes_no,True,True,,,,,,,/home/wangyz/project/0working/LangSplatV2/experiment_results/benchmark/v18_pipeline_ablation/results/v18_tokpipe_best2d_best3d_m2tokcat_m3tokcat_mmtokscale_odirect_T576_R5_C1/outputs/trevi_fountain/00644051_242819650_qa_results.json,mmtokscale_T576_R5,spatial_view_visibility,Trevi Fountain,True,False,True,True,both_correct,trevi_fountain||objective||yes_no||spatial_view_visibility||are sculpture combined in the visible landmark?||yes
v18_tokpipe_best2d_best3d_m2tokcat_m3tokcat_mmtokscale_odirect_T576_R5_C1,trevi_fountain,00644051_242819650,11,Answer with yes or no only. Is the papal coat of arms clearly visible in this image?,Yes,Yes.,Yes,yes_no,objective,yes_no,True,True,,,,,,,/home/wangyz/project/0working/LangSplatV2/experiment_results/benchmark/v18_pipeline_ablation/results/v18_tokpipe_best2d_best3d_m2tokcat_m3tokcat_mmtokscale_odirect_T576_R5_C1/outputs/trevi_fountain/00644051_242819650_qa_results.json,mmtokscale_T576_R5,spatial_view_visibility,Trevi Fountain,True,False,True,True,both_correct,trevi_fountain||objective||yes_no||spatial_view_visibility||is the papal coat of arms clearly visible in this image?||yes
v18_tokpipe_best2d_best3d_m2tokcat_m3tokcat_mmtokscale_odirect_T576_R5_C1,trevi_fountain,00896719_147282160,2,Answer with yes or no only. Is the column visible in this image?,Yes,Yes,yes,yes_no,objective,yes_no,True,True,,,,,,,/home/wangyz/project/0working/LangSplatV2/experiment_results/benchmark/v18_pipeline_ablation/results/v18_tokpipe_best2d_best3d_m2tokcat_m3tokcat_mmtokscale_odirect_T576_R5_C1/outputs/trevi_fountain/00896719_147282160_qa_results.json,mmtokscale_T576_R5,spatial_view_visibility,Trevi Fountain,True,False,True,True,both_correct,trevi_fountain||objective||yes_no||spatial_view_visibility||is the column visible in this image?||yes
v18_tokpipe_best2d_best3d_m2tokcat_m3tokcat_mmtokscale_odirect_T576_R5_C1,trevi_fountain,00896719_147282160,3,Answer with yes or no only. Is the Oceanus visible in this image?,Yes,Yes.,Yes,yes_no,objective,yes_no,True,True,,,,,,,/home/wangyz/project/0working/LangSplatV2/experiment_results/benchmark/v18_pipeline_ablation/results/v18_tokpipe_best2d_best3d_m2tokcat_m3tokcat_mmtokscale_odirect_T576_R5_C1/outputs/trevi_fountain/00896719_147282160_qa_results.json,mmtokscale_T576_R5,spatial_view_visibility,Trevi Fountain,True,False,True,True,both_correct,trevi_fountain||objective||yes_no||spatial_view_visibility||is the oceanus visible in this image?||yes
v18_tokpipe_best2d_best3d_m2tokcat_m3tokcat_mmtokscale_odirect_T576_R5_C1,trevi_fountain,00896719_147282160,4,Answer with yes or no only. Are the winged horses visible in this image?,Yes,Yes.,Yes,yes_no,objective,yes_no,True,True,,,,,,,/home/wangyz/project/0working/LangSplatV2/experiment_results/benchmark/v18_pipeline_ablation/results/v18_tokpipe_best2d_best3d_m2tokcat_m3tokcat_mmtokscale_odirect_T576_R5_C1/outputs/trevi_fountain/00896719_147282160_qa_results.json,mmtokscale_T576_R5,spatial_view_visibility,Trevi Fountain,True,False,True,True,both_correct,trevi_fountain||objective||yes_no||spatial_view_visibility||are the winged horses visible in this image?||yes
v18_tokpipe_best2d_best3d_m2tokcat_m3tokcat_mmtokscale_odirect_T576_R5_C1,trevi_fountain,00896719_147282160,11,Answer with yes or no only. Are sculpture combined in the visible landmark?,Yes,Yes,yes,yes_no,objective,yes_no,True,True,,,,,,,/home/wangyz/project/0working/LangSplatV2/experiment_results/benchmark/v18_pipeline_ablation/results/v18_tokpipe_best2d_best3d_m2tokcat_m3tokcat_mmtokscale_odirect_T576_R5_C1/outputs/trevi_fountain/00896719_147282160_qa_results.json,mmtokscale_T576_R5,spatial_view_visibility,Trevi Fountain,True,False,True,True,both_correct,trevi_fountain||objective||yes_no||spatial_view_visibility||are sculpture combined in the visible landmark?||yes
v18_tokpipe_best2d_best3d_m2tokcat_m3tokcat_mmtokscale_odirect_T576_R5_C1,trevi_fountain,00896719_147282160,13,Answer with yes or no only. Is the papal coat of arms clearly visible in this image?,No,No.,No,yes_no,objective,yes_no,True,True,,,,,,,/home/wangyz/project/0working/LangSplatV2/experiment_results/benchmark/v18_pipeline_ablation/results/v18_tokpipe_best2d_best3d_m2tokcat_m3tokcat_mmtokscale_odirect_T576_R5_C1/outputs/trevi_fountain/00896719_147282160_qa_results.json,mmtokscale_T576_R5,spatial_view_visibility,Trevi Fountain,True,False,True,True,both_correct,trevi_fountain||objective||yes_no||spatial_view_visibility||is the papal coat of arms clearly visible in this image?||no
v18_tokpipe_best2d_best3d_m2tokcat_m3tokcat_mmtokscale_odirect_T576_R5_C1,trevi_fountain,01981403_3710523135,2,Answer with yes or no only. Is the column visible in this image?,Yes,Yes,yes,yes_no,objective,yes_no,True,True,,,,,,,/home/wangyz/project/0working/LangSplatV2/experiment_results/benchmark/v18_pipeline_ablation/results/v18_tokpipe_best2d_best3d_m2tokcat_m3tokcat_mmtokscale_odirect_T576_R5_C1/outputs/trevi_fountain/01981403_3710523135_qa_results.json,mmtokscale_T576_R5,spatial_view_visibility,Trevi Fountain,True,False,True,True,both_correct,trevi_fountain||objective||yes_no||spatial_view_visibility||is the column visible in this image?||yes
v18_tokpipe_best2d_best3d_m2tokcat_m3tokcat_mmtokscale_odirect_T576_R5_C1,trevi_fountain,01981403_3710523135,3,Answer with yes or no only. Is the Oceanus visible in this image?,Yes,Yes.,Yes,yes_no,objective,yes_no,True,True,,,,,,,/home/wangyz/project/0working/LangSplatV2/experiment_results/benchmark/v18_pipeline_ablation/results/v18_tokpipe_best2d_best3d_m2tokcat_m3tokcat_mmtokscale_odirect_T576_R5_C1/outputs/trevi_fountain/01981403_3710523135_qa_results.json,mmtokscale_T576_R5,spatial_view_visibility,Trevi Fountain,True,False,True,True,both_correct,trevi_fountain||objective||yes_no||spatial_view_visibility||is the oceanus visible in this image?||yes
v18_tokpipe_best2d_best3d_m2tokcat_m3tokcat_mmtokscale_odirect_T576_R5_C1,trevi_fountain,01981403_3710523135,4,Answer with yes or no only. Are the winged horses visible in this image?,Yes,Yes.,No,yes_no,objective,yes_no,True,False,,,,,,,/home/wangyz/project/0working/LangSplatV2/experiment_results/benchmark/v18_pipeline_ablation/results/v18_tokpipe_best2d_best3d_m2tokcat_m3tokcat_mmtokscale_odirect_T576_R5_C1/outputs/trevi_fountain/01981403_3710523135_qa_results.json,mmtokscale_T576_R5,spatial_view_visibility,Trevi Fountain,True,False,True,False,ours_only_correct,trevi_fountain||objective||yes_no||spatial_view_visibility||are the winged horses visible in this image?||yes
v18_tokpipe_best2d_best3d_m2tokcat_m3tokcat_mmtokscale_odirect_T576_R5_C1,trevi_fountain,01981403_3710523135,11,Answer with yes or no only. Are sculpture combined in the visible landmark?,Yes,Yes,yes,yes_no,objective,yes_no,True,True,,,,,,,/home/wangyz/project/0working/LangSplatV2/experiment_results/benchmark/v18_pipeline_ablation/results/v18_tokpipe_best2d_best3d_m2tokcat_m3tokcat_mmtokscale_odirect_T576_R5_C1/outputs/trevi_fountain/01981403_3710523135_qa_results.json,mmtokscale_T576_R5,spatial_view_visibility,Trevi Fountain,True,False,True,True,both_correct,trevi_fountain||objective||yes_no||spatial_view_visibility||are sculpture combined in the visible landmark?||yes
v18_tokpipe_best2d_best3d_m2tokcat_m3tokcat_mmtokscale_odirect_T576_R5_C1,trevi_fountain,01981403_3710523135,13,Answer with yes or no only. Is the papal coat of arms clearly visible in this image?,No,No.,No,yes_no,objective,yes_no,True,True,,,,,,,/home/wangyz/project/0working/LangSplatV2/experiment_results/benchmark/v18_pipeline_ablation/results/v18_tokpipe_best2d_best3d_m2tokcat_m3tokcat_mmtokscale_odirect_T576_R5_C1/outputs/trevi_fountain/01981403_3710523135_qa_results.json,mmtokscale_T576_R5,spatial_view_visibility,Trevi Fountain,True,False,True,True,both_correct,trevi_fountain||objective||yes_no||spatial_view_visibility||is the papal coat of arms clearly visible in this image?||no
v18_tokpipe_best2d_best3d_m2tokcat_m3tokcat_mmtokscale_odirect_T576_R5_C1,trevi_fountain,02904481_13883419663,3,Answer with yes or no only. Is the column visible in this image?,Yes,Yes,yes,yes_no,objective,yes_no,True,True,,,,,,,/home/wangyz/project/0working/LangSplatV2/experiment_results/benchmark/v18_pipeline_ablation/results/v18_tokpipe_best2d_best3d_m2tokcat_m3tokcat_mmtokscale_odirect_T576_R5_C1/outputs/trevi_fountain/02904481_13883419663_qa_results.json,mmtokscale_T576_R5,spatial_view_visibility,Trevi Fountain,True,False,True,True,both_correct,trevi_fountain||objective||yes_no||spatial_view_visibility||is the column visible in this image?||yes
v18_tokpipe_best2d_best3d_m2tokcat_m3tokcat_mmtokscale_odirect_T576_R5_C1,trevi_fountain,02904481_13883419663,4,Answer with yes or no only. Is the Oceanus visible in this image?,Yes,Yes.,Yes,yes_no,objective,yes_no,True,True,,,,,,,/home/wangyz/project/0working/LangSplatV2/experiment_results/benchmark/v18_pipeline_ablation/results/v18_tokpipe_best2d_best3d_m2tokcat_m3tokcat_mmtokscale_odirect_T576_R5_C1/outputs/trevi_fountain/02904481_13883419663_qa_results.json,mmtokscale_T576_R5,spatial_view_visibility,Trevi Fountain,True,False,True,True,both_correct,trevi_fountain||objective||yes_no||spatial_view_visibility||is the oceanus visible in this image?||yes
v18_tokpipe_best2d_best3d_m2tokcat_m3tokcat_mmtokscale_odirect_T576_R5_C1,trevi_fountain,02904481_13883419663,5,Answer with yes or no only. Are the winged horses visible in this image?,Yes,Yes.,No,yes_no,objective,yes_no,True,False,,,,,,,/home/wangyz/project/0working/LangSplatV2/experiment_results/benchmark/v18_pipeline_ablation/results/v18_tokpipe_best2d_best3d_m2tokcat_m3tokcat_mmtokscale_odirect_T576_R5_C1/outputs/trevi_fountain/02904481_13883419663_qa_results.json,mmtokscale_T576_R5,spatial_view_visibility,Trevi Fountain,True,False,True,False,ours_only_correct,trevi_fountain||objective||yes_no||spatial_view_visibility||are the winged horses visible in this image?||yes
v18_tokpipe_best2d_best3d_m2tokcat_m3tokcat_mmtokscale_odirect_T576_R5_C1,trevi_fountain,02904481_13883419663,12,Answer with yes or no only. Are sculpture combined in the visible landmark?,Yes,Yes,yes,yes_no,objective,yes_no,True,True,,,,,,,/home/wangyz/project/0working/LangSplatV2/experiment_results/benchmark/v18_pipeline_ablation/results/v18_tokpipe_best2d_best3d_m2tokcat_m3tokcat_mmtokscale_odirect_T576_R5_C1/outputs/trevi_fountain/02904481_13883419663_qa_results.json,mmtokscale_T576_R5,spatial_view_visibility,Trevi Fountain,True,False,True,True,both_correct,trevi_fountain||objective||yes_no||spatial_view_visibility||are sculpture combined in the visible landmark?||yes
v18_tokpipe_best2d_best3d_m2tokcat_m3tokcat_mmtokscale_odirect_T576_R5_C1,trevi_fountain,02904481_13883419663,14,Answer with yes or no only. Is the papal coat of arms clearly visible in this image?,No,No.,No,yes_no,objective,yes_no,True,True,,,,,,,/home/wangyz/project/0working/LangSplatV2/experiment_results/benchmark/v18_pipeline_ablation/results/v18_tokpipe_best2d_best3d_m2tokcat_m3tokcat_mmtokscale_odirect_T576_R5_C1/outputs/trevi_fountain/02904481_13883419663_qa_results.json,mmtokscale_T576_R5,spatial_view_visibility,Trevi Fountain,True,False,True,True,both_correct,trevi_fountain||objective||yes_no||spatial_view_visibility||is the papal coat of arms clearly visible in this image?||no
v18_tokpipe_best2d_best3d_m2tokcat_m3tokcat_mmtokscale_odirect_T576_R5_C1,trevi_fountain,03079088_3051939612,3,Answer with yes or no only. Is the column visible in this image?,Yes,Yes,yes,yes_no,objective,yes_no,True,True,,,,,,,/home/wangyz/project/0working/LangSplatV2/experiment_results/benchmark/v18_pipeline_ablation/results/v18_tokpipe_best2d_best3d_m2tokcat_m3tokcat_mmtokscale_odirect_T576_R5_C1/outputs/trevi_fountain/03079088_3051939612_qa_results.json,mmtokscale_T576_R5,spatial_view_visibility,Trevi Fountain,True,False,True,True,both_correct,trevi_fountain||objective||yes_no||spatial_view_visibility||is the column visible in this image?||yes
v18_tokpipe_best2d_best3d_m2tokcat_m3tokcat_mmtokscale_odirect_T576_R5_C1,trevi_fountain,03079088_3051939612,4,Answer with yes or no only. Is the Oceanus visible in this image?,Yes,Yes.,Yes,yes_no,objective,yes_no,True,True,,,,,,,/home/wangyz/project/0working/LangSplatV2/experiment_results/benchmark/v18_pipeline_ablation/results/v18_tokpipe_best2d_best3d_m2tokcat_m3tokcat_mmtokscale_odirect_T576_R5_C1/outputs/trevi_fountain/03079088_3051939612_qa_results.json,mmtokscale_T576_R5,spatial_view_visibility,Trevi Fountain,True,False,True,True,both_correct,trevi_fountain||objective||yes_no||spatial_view_visibility||is the oceanus visible in this image?||yes
v18_tokpipe_best2d_best3d_m2tokcat_m3tokcat_mmtokscale_odirect_T576_R5_C1,trevi_fountain,03079088_3051939612,5,Answer with yes or no only. Are the winged horses visible in this image?,Yes,Yes.,Yes,yes_no,objective,yes_no,True,True,,,,,,,/home/wangyz/project/0working/LangSplatV2/experiment_results/benchmark/v18_pipeline_ablation/results/v18_tokpipe_best2d_best3d_m2tokcat_m3tokcat_mmtokscale_odirect_T576_R5_C1/outputs/trevi_fountain/03079088_3051939612_qa_results.json,mmtokscale_T576_R5,spatial_view_visibility,Trevi Fountain,True,False,True,True,both_correct,trevi_fountain||objective||yes_no||spatial_view_visibility||are the winged horses visible in this image?||yes
v18_tokpipe_best2d_best3d_m2tokcat_m3tokcat_mmtokscale_odirect_T576_R5_C1,trevi_fountain,03079088_3051939612,12,Answer with yes or no only. Are sculpture combined in the visible landmark?,Yes,Yes,yes,yes_no,objective,yes_no,True,True,,,,,,,/home/wangyz/project/0working/LangSplatV2/experiment_results/benchmark/v18_pipeline_ablation/results/v18_tokpipe_best2d_best3d_m2tokcat_m3tokcat_mmtokscale_odirect_T576_R5_C1/outputs/trevi_fountain/03079088_3051939612_qa_results.json,mmtokscale_T576_R5,spatial_view_visibility,Trevi Fountain,True,False,True,True,both_correct,trevi_fountain||objective||yes_no||spatial_view_visibility||are sculpture combined in the visible landmark?||yes
v18_tokpipe_best2d_best3d_m2tokcat_m3tokcat_mmtokscale_odirect_T576_R5_C1,trevi_fountain,03079088_3051939612,14,Answer with yes or no only. Is the papal coat of arms clearly visible in this image?,No,No.,No,yes_no,objective,yes_no,True,True,,,,,,,/home/wangyz/project/0working/LangSplatV2/experiment_results/benchmark/v18_pipeline_ablation/results/v18_tokpipe_best2d_best3d_m2tokcat_m3tokcat_mmtokscale_odirect_T576_R5_C1/outputs/trevi_fountain/03079088_3051939612_qa_results.json,mmtokscale_T576_R5,spatial_view_visibility,Trevi Fountain,True,False,True,True,both_correct,trevi_fountain||objective||yes_no||spatial_view_visibility||is the papal coat of arms clearly visible in this image?||no
v18_tokpipe_best2d_best3d_m2tokcat_m3tokcat_mmtokscale_odirect_T576_R5_C1,trevi_fountain,03801357_3078387778,2,Answer with yes or no only. Is the column visible in this image?,Yes,Yes,yes,yes_no,objective,yes_no,True,True,,,,,,,/home/wangyz/project/0working/LangSplatV2/experiment_results/benchmark/v18_pipeline_ablation/results/v18_tokpipe_best2d_best3d_m2tokcat_m3tokcat_mmtokscale_odirect_T576_R5_C1/outputs/trevi_fountain/03801357_3078387778_qa_results.json,mmtokscale_T576_R5,spatial_view_visibility,Trevi Fountain,True,False,True,True,both_correct,trevi_fountain||objective||yes_no||spatial_view_visibility||is the column visible in this image?||yes
v18_tokpipe_best2d_best3d_m2tokcat_m3tokcat_mmtokscale_odirect_T576_R5_C1,trevi_fountain,03801357_3078387778,3,Answer with yes or no only. Is the Oceanus visible in this image?,Yes,Yes.,Yes,yes_no,objective,yes_no,True,True,,,,,,,/home/wangyz/project/0working/LangSplatV2/experiment_results/benchmark/v18_pipeline_ablation/results/v18_tokpipe_best2d_best3d_m2tokcat_m3tokcat_mmtokscale_odirect_T576_R5_C1/outputs/trevi_fountain/03801357_3078387778_qa_results.json,mmtokscale_T576_R5,spatial_view_visibility,Trevi Fountain,True,False,True,True,both_correct,trevi_fountain||objective||yes_no||spatial_view_visibility||is the oceanus visible in this image?||yes
v18_tokpipe_best2d_best3d_m2tokcat_m3tokcat_mmtokscale_odirect_T576_R5_C1,trevi_fountain,03801357_3078387778,4,Answer with yes or no only. Are the winged horses visible in this image?,Yes,Yes.,Yes,yes_no,objective,yes_no,True,True,,,,,,,/home/wangyz/project/0working/LangSplatV2/experiment_results/benchmark/v18_pipeline_ablation/results/v18_tokpipe_best2d_best3d_m2tokcat_m3tokcat_mmtokscale_odirect_T576_R5_C1/outputs/trevi_fountain/03801357_3078387778_qa_results.json,mmtokscale_T576_R5,spatial_view_visibility,Trevi Fountain,True,False,True,True,both_correct,trevi_fountain||objective||yes_no||spatial_view_visibility||are the winged horses visible in this image?||yes
v18_tokpipe_best2d_best3d_m2tokcat_m3tokcat_mmtokscale_odirect_T576_R5_C1,trevi_fountain,03801357_3078387778,10,Answer with yes or no only. Are sculpture combined in the visible landmark?,Yes,Yes,yes,yes_no,objective,yes_no,True,True,,,,,,,/home/wangyz/project/0working/LangSplatV2/experiment_results/benchmark/v18_pipeline_ablation/results/v18_tokpipe_best2d_best3d_m2tokcat_m3tokcat_mmtokscale_odirect_T576_R5_C1/outputs/trevi_fountain/03801357_3078387778_qa_results.json,mmtokscale_T576_R5,spatial_view_visibility,Trevi Fountain,True,False,True,True,both_correct,trevi_fountain||objective||yes_no||spatial_view_visibility||are sculpture combined in the visible landmark?||yes
v18_tokpipe_best2d_best3d_m2tokcat_m3tokcat_mmtokscale_odirect_T576_R5_C1,trevi_fountain,03801357_3078387778,12,Answer with yes or no only. Is the papal coat of arms clearly visible in this image?,No,No.,No,yes_no,objective,yes_no,True,True,,,,,,,/home/wangyz/project/0working/LangSplatV2/experiment_results/benchmark/v18_pipeline_ablation/results/v18_tokpipe_best2d_best3d_m2tokcat_m3tokcat_mmtokscale_odirect_T576_R5_C1/outputs/trevi_fountain/03801357_3078387778_qa_results.json,mmtokscale_T576_R5,spatial_view_visibility,Trevi Fountain,True,False,True,True,both_correct,trevi_fountain||objective||yes_no||spatial_view_visibility||is the papal coat of arms clearly visible in this image?||no
v18_tokpipe_best2d_best3d_m2tokcat_m3tokcat_mmtokscale_odirect_T576_R5_C1,trevi_fountain,04304346_11949718535,3,Answer with yes or no only. Is the column visible in this image?,Yes,Yes,yes,yes_no,objective,yes_no,True,True,,,,,,,/home/wangyz/project/0working/LangSplatV2/experiment_results/benchmark/v18_pipeline_ablation/results/v18_tokpipe_best2d_best3d_m2tokcat_m3tokcat_mmtokscale_odirect_T576_R5_C1/outputs/trevi_fountain/04304346_11949718535_qa_results.json,mmtokscale_T576_R5,spatial_view_visibility,Trevi Fountain,True,False,True,True,both_correct,trevi_fountain||objective||yes_no||spatial_view_visibility||is the column visible in this image?||yes
v18_tokpipe_best2d_best3d_m2tokcat_m3tokcat_mmtokscale_odirect_T576_R5_C1,trevi_fountain,04304346_11949718535,4,Answer with yes or no only. Is the Oceanus visible in this image?,Yes,Yes.,Yes,yes_no,objective,yes_no,True,True,,,,,,,/home/wangyz/project/0working/LangSplatV2/experiment_results/benchmark/v18_pipeline_ablation/results/v18_tokpipe_best2d_best3d_m2tokcat_m3tokcat_mmtokscale_odirect_T576_R5_C1/outputs/trevi_fountain/04304346_11949718535_qa_results.json,mmtokscale_T576_R5,spatial_view_visibility,Trevi Fountain,True,False,True,True,both_correct,trevi_fountain||objective||yes_no||spatial_view_visibility||is the oceanus visible in this image?||yes
v18_tokpipe_best2d_best3d_m2tokcat_m3tokcat_mmtokscale_odirect_T576_R5_C1,trevi_fountain,04304346_11949718535,5,Answer with yes or no only. Are the winged horses visible in this image?,Yes,Yes.,No,yes_no,objective,yes_no,True,False,,,,,,,/home/wangyz/project/0working/LangSplatV2/experiment_results/benchmark/v18_pipeline_ablation/results/v18_tokpipe_best2d_best3d_m2tokcat_m3tokcat_mmtokscale_odirect_T576_R5_C1/outputs/trevi_fountain/04304346_11949718535_qa_results.json,mmtokscale_T576_R5,spatial_view_visibility,Trevi Fountain,True,False,True,False,ours_only_correct,trevi_fountain||objective||yes_no||spatial_view_visibility||are the winged horses visible in this image?||yes
v18_tokpipe_best2d_best3d_m2tokcat_m3tokcat_mmtokscale_odirect_T576_R5_C1,trevi_fountain,04304346_11949718535,12,Answer with yes or no only. Are sculpture combined in the visible landmark?,Yes,Yes,Yes,yes_no,objective,yes_no,True,True,,,,,,,/home/wangyz/project/0working/LangSplatV2/experiment_results/benchmark/v18_pipeline_ablation/results/v18_tokpipe_best2d_best3d_m2tokcat_m3tokcat_mmtokscale_odirect_T576_R5_C1/outputs/trevi_fountain/04304346_11949718535_qa_results.json,mmtokscale_T576_R5,spatial_view_visibility,Trevi Fountain,True,False,True,True,both_correct,trevi_fountain||objective||yes_no||spatial_view_visibility||are sculpture combined in the visible landmark?||yes
v18_tokpipe_best2d_best3d_m2tokcat_m3tokcat_mmtokscale_odirect_T576_R5_C1,trevi_fountain,04304346_11949718535,13,Answer with yes or no only. Is the papal coat of arms clearly visible in this image?,Yes,Yes.,Yes,yes_no,objective,yes_no,True,True,,,,,,,/home/wangyz/project/0working/LangSplatV2/experiment_results/benchmark/v18_pipeline_ablation/results/v18_tokpipe_best2d_best3d_m2tokcat_m3tokcat_mmtokscale_odirect_T576_R5_C1/outputs/trevi_fountain/04304346_11949718535_qa_results.json,mmtokscale_T576_R5,spatial_view_visibility,Trevi Fountain,True,False,True,True,both_correct,trevi_fountain||objective||yes_no||spatial_view_visibility||is the papal coat of arms clearly visible in this image?||yes
v18_tokpipe_best2d_best3d_m2tokcat_m3tokcat_mmtokscale_odirect_T576_R5_C1,trevi_fountain,05568657_2694243590,3,Answer with yes or no only. Is the column visible in this image?,Yes,Yes,yes,yes_no,objective,yes_no,True,True,,,,,,,/home/wangyz/project/0working/LangSplatV2/experiment_results/benchmark/v18_pipeline_ablation/results/v18_tokpipe_best2d_best3d_m2tokcat_m3tokcat_mmtokscale_odirect_T576_R5_C1/outputs/trevi_fountain/05568657_2694243590_qa_results.json,mmtokscale_T576_R5,spatial_view_visibility,Trevi Fountain,True,False,True,True,both_correct,trevi_fountain||objective||yes_no||spatial_view_visibility||is the column visible in this image?||yes
v18_tokpipe_best2d_best3d_m2tokcat_m3tokcat_mmtokscale_odirect_T576_R5_C1,trevi_fountain,05568657_2694243590,4,Answer with yes or no only. Is the Oceanus visible in this image?,Yes,Yes.,Yes,yes_no,objective,yes_no,True,True,,,,,,,/home/wangyz/project/0working/LangSplatV2/experiment_results/benchmark/v18_pipeline_ablation/results/v18_tokpipe_best2d_best3d_m2tokcat_m3tokcat_mmtokscale_odirect_T576_R5_C1/outputs/trevi_fountain/05568657_2694243590_qa_results.json,mmtokscale_T576_R5,spatial_view_visibility,Trevi Fountain,True,False,True,True,both_correct,trevi_fountain||objective||yes_no||spatial_view_visibility||is the oceanus visible in this image?||yes
v18_tokpipe_best2d_best3d_m2tokcat_m3tokcat_mmtokscale_odirect_T576_R5_C1,trevi_fountain,05568657_2694243590,5,Answer with yes or no only. Are the winged horses visible in this image?,Yes,Yes.,Yes,yes_no,objective,yes_no,True,True,,,,,,,/home/wangyz/project/0working/LangSplatV2/experiment_results/benchmark/v18_pipeline_ablation/results/v18_tokpipe_best2d_best3d_m2tokcat_m3tokcat_mmtokscale_odirect_T576_R5_C1/outputs/trevi_fountain/05568657_2694243590_qa_results.json,mmtokscale_T576_R5,spatial_view_visibility,Trevi Fountain,True,False,True,True,both_correct,trevi_fountain||objective||yes_no||spatial_view_visibility||are the winged horses visible in this image?||yes
v18_tokpipe_best2d_best3d_m2tokcat_m3tokcat_mmtokscale_odirect_T576_R5_C1,trevi_fountain,05568657_2694243590,12,Answer with yes or no only. Is the papal coat of arms clearly visible in this image?,Yes,Yes.,Yes,yes_no,objective,yes_no,True,True,,,,,,,/home/wangyz/project/0working/LangSplatV2/experiment_results/benchmark/v18_pipeline_ablation/results/v18_tokpipe_best2d_best3d_m2tokcat_m3tokcat_mmtokscale_odirect_T576_R5_C1/outputs/trevi_fountain/05568657_2694243590_qa_results.json,mmtokscale_T576_R5,spatial_view_visibility,Trevi Fountain,True,False,True,True,both_correct,trevi_fountain||objective||yes_no||spatial_view_visibility||is the papal coat of arms clearly visible in this image?||yes
v18_tokpipe_best2d_best3d_m2tokcat_m3tokcat_mmtokscale_odirect_T576_R5_C1,trevi_fountain,05593084_9128313439,3,Answer with yes or no only. Is the column visible in this image?,Yes,Yes,yes,yes_no,objective,yes_no,True,True,,,,,,,/home/wangyz/project/0working/LangSplatV2/experiment_results/benchmark/v18_pipeline_ablation/results/v18_tokpipe_best2d_best3d_m2tokcat_m3tokcat_mmtokscale_odirect_T576_R5_C1/outputs/trevi_fountain/05593084_9128313439_qa_results.json,mmtokscale_T576_R5,spatial_view_visibility,Trevi Fountain,True,False,True,True,both_correct,trevi_fountain||objective||yes_no||spatial_view_visibility||is the column visible in this image?||yes
v18_tokpipe_best2d_best3d_m2tokcat_m3tokcat_mmtokscale_odirect_T576_R5_C1,trevi_fountain,05593084_9128313439,4,Answer with yes or no only. Is the Oceanus visible in this image?,Yes,Yes,Yes,yes_no,objective,yes_no,True,True,,,,,,,/home/wangyz/project/0working/LangSplatV2/experiment_results/benchmark/v18_pipeline_ablation/results/v18_tokpipe_best2d_best3d_m2tokcat_m3tokcat_mmtokscale_odirect_T576_R5_C1/outputs/trevi_fountain/05593084_9128313439_qa_results.json,mmtokscale_T576_R5,spatial_view_visibility,Trevi Fountain,True,False,True,True,both_correct,trevi_fountain||objective||yes_no||spatial_view_visibility||is the oceanus visible in this image?||yes
v18_tokpipe_best2d_best3d_m2tokcat_m3tokcat_mmtokscale_odirect_T576_R5_C1,trevi_fountain,05593084_9128313439,5,Answer with yes or no only. Are the winged horses visible in this image?,Yes,Yes,Yes,yes_no,objective,yes_no,True,True,,,,,,,/home/wangyz/project/0working/LangSplatV2/experiment_results/benchmark/v18_pipeline_ablation/results/v18_tokpipe_best2d_best3d_m2tokcat_m3tokcat_mmtokscale_odirect_T576_R5_C1/outputs/trevi_fountain/05593084_9128313439_qa_results.json,mmtokscale_T576_R5,spatial_view_visibility,Trevi Fountain,True,False,True,True,both_correct,trevi_fountain||objective||yes_no||spatial_view_visibility||are the winged horses visible in this image?||yes
v18_tokpipe_best2d_best3d_m2tokcat_m3tokcat_mmtokscale_odirect_T576_R5_C1,trevi_fountain,05593084_9128313439,12,Answer with yes or no only. Are sculpture combined in the visible landmark?,Yes,Yes,yes,yes_no,objective,yes_no,True,True,,,,,,,/home/wangyz/project/0working/LangSplatV2/experiment_results/benchmark/v18_pipeline_ablation/results/v18_tokpipe_best2d_best3d_m2tokcat_m3tokcat_mmtokscale_odirect_T576_R5_C1/outputs/trevi_fountain/05593084_9128313439_qa_results.json,mmtokscale_T576_R5,spatial_view_visibility,Trevi Fountain,True,False,True,True,both_correct,trevi_fountain||objective||yes_no||spatial_view_visibility||are sculpture combined in the visible landmark?||yes
v18_tokpipe_best2d_best3d_m2tokcat_m3tokcat_mmtokscale_odirect_T576_R5_C1,trevi_fountain,05593084_9128313439,13,Answer with yes or no only. Is the papal coat of arms clearly visible in this image?,No,No,No,yes_no,objective,yes_no,True,True,,,,,,,/home/wangyz/project/0working/LangSplatV2/experiment_results/benchmark/v18_pipeline_ablation/results/v18_tokpipe_best2d_best3d_m2tokcat_m3tokcat_mmtokscale_odirect_T576_R5_C1/outputs/trevi_fountain/05593084_9128313439_qa_results.json,mmtokscale_T576_R5,spatial_view_visibility,Trevi Fountain,True,False,True,True,both_correct,trevi_fountain||objective||yes_no||spatial_view_visibility||is the papal coat of arms clearly visible in this image?||no
v18_tokpipe_best2d_best3d_m2tokcat_m3tokcat_mmtokscale_odirect_T576_R5_C1,trevi_fountain,05849192_9369715670,3,Answer with yes or no only. Is the column visible in this image?,Yes,Yes,yes,yes_no,objective,yes_no,True,True,,,,,,,/home/wangyz/project/0working/LangSplatV2/experiment_results/benchmark/v18_pipeline_ablation/results/v18_tokpipe_best2d_best3d_m2tokcat_m3tokcat_mmtokscale_odirect_T576_R5_C1/outputs/trevi_fountain/05849192_9369715670_qa_results.json,mmtokscale_T576_R5,spatial_view_visibility,Trevi Fountain,True,False,True,True,both_correct,trevi_fountain||objective||yes_no||spatial_view_visibility||is the column visible in this image?||yes
v18_tokpipe_best2d_best3d_m2tokcat_m3tokcat_mmtokscale_odirect_T576_R5_C1,trevi_fountain,05849192_9369715670,4,Answer with yes or no only. Is the Oceanus visible in this image?,Yes,Yes.,Yes,yes_no,objective,yes_no,True,True,,,,,,,/home/wangyz/project/0working/LangSplatV2/experiment_results/benchmark/v18_pipeline_ablation/results/v18_tokpipe_best2d_best3d_m2tokcat_m3tokcat_mmtokscale_odirect_T576_R5_C1/outputs/trevi_fountain/05849192_9369715670_qa_results.json,mmtokscale_T576_R5,spatial_view_visibility,Trevi Fountain,True,False,True,True,both_correct,trevi_fountain||objective||yes_no||spatial_view_visibility||is the oceanus visible in this image?||yes
v18_tokpipe_best2d_best3d_m2tokcat_m3tokcat_mmtokscale_odirect_T576_R5_C1,trevi_fountain,05849192_9369715670,5,Answer with yes or no only. Are the winged horses visible in this image?,Yes,Yes.,No,yes_no,objective,yes_no,True,False,,,,,,,/home/wangyz/project/0working/LangSplatV2/experiment_results/benchmark/v18_pipeline_ablation/results/v18_tokpipe_best2d_best3d_m2tokcat_m3tokcat_mmtokscale_odirect_T576_R5_C1/outputs/trevi_fountain/05849192_9369715670_qa_results.json,mmtokscale_T576_R5,spatial_view_visibility,Trevi Fountain,True,False,True,False,ours_only_correct,trevi_fountain||objective||yes_no||spatial_view_visibility||are the winged horses visible in this image?||yes
v18_tokpipe_best2d_best3d_m2tokcat_m3tokcat_mmtokscale_odirect_T576_R5_C1,trevi_fountain,05849192_9369715670,12,Answer with yes or no only. Are sculpture combined in the visible landmark?,Yes,Yes,yes,yes_no,objective,yes_no,True,True,,,,,,,/home/wangyz/project/0working/LangSplatV2/experiment_results/benchmark/v18_pipeline_ablation/results/v18_tokpipe_best2d_best3d_m2tokcat_m3tokcat_mmtokscale_odirect_T576_R5_C1/outputs/trevi_fountain/05849192_9369715670_qa_results.json,mmtokscale_T576_R5,spatial_view_visibility,Trevi Fountain,True,False,True,True,both_correct,trevi_fountain||objective||yes_no||spatial_view_visibility||are sculpture combined in the visible landmark?||yes
v18_tokpipe_best2d_best3d_m2tokcat_m3tokcat_mmtokscale_odirect_T576_R5_C1,trevi_fountain,05849192_9369715670,13,Answer with yes or no only. Is the papal coat of arms clearly visible in this image?,No,No.,No,yes_no,objective,yes_no,True,True,,,,,,,/home/wangyz/project/0working/LangSplatV2/experiment_results/benchmark/v18_pipeline_ablation/results/v18_tokpipe_best2d_best3d_m2tokcat_m3tokcat_mmtokscale_odirect_T576_R5_C1/outputs/trevi_fountain/05849192_9369715670_qa_results.json,mmtokscale_T576_R5,spatial_view_visibility,Trevi Fountain,True,False,True,True,both_correct,trevi_fountain||objective||yes_no||spatial_view_visibility||is the papal coat of arms clearly visible in this image?||no
